-- --------------------------------------------------------
-- Host:                         127.0.0.1
-- Server version:               8.0.30 - MySQL Community Server - GPL
-- Server OS:                    Win64
-- HeidiSQL Version:             12.1.0.6537
-- --------------------------------------------------------

/*!40101 SET @OLD_CHARACTER_SET_CLIENT=@@CHARACTER_SET_CLIENT */;
/*!40101 SET NAMES utf8 */;
/*!50503 SET NAMES utf8mb4 */;
/*!40103 SET @OLD_TIME_ZONE=@@TIME_ZONE */;
/*!40103 SET TIME_ZONE='+00:00' */;
/*!40014 SET @OLD_FOREIGN_KEY_CHECKS=@@FOREIGN_KEY_CHECKS, FOREIGN_KEY_CHECKS=0 */;
/*!40101 SET @OLD_SQL_MODE=@@SQL_MODE, SQL_MODE='NO_AUTO_VALUE_ON_ZERO' */;
/*!40111 SET @OLD_SQL_NOTES=@@SQL_NOTES, SQL_NOTES=0 */;


-- Dumping database structure for isms3
CREATE DATABASE IF NOT EXISTS `isms3` /*!40100 DEFAULT CHARACTER SET utf8mb4 COLLATE utf8mb4_0900_ai_ci */ /*!80016 DEFAULT ENCRYPTION='N' */;
USE `isms3`;

-- Dumping structure for table isms3.audits
CREATE TABLE IF NOT EXISTS `audits` (
  `id` bigint unsigned NOT NULL AUTO_INCREMENT,
  `user_type` varchar(255) CHARACTER SET utf8mb4 COLLATE utf8mb4_unicode_ci DEFAULT NULL,
  `user_id` bigint unsigned DEFAULT NULL,
  `event` varchar(255) CHARACTER SET utf8mb4 COLLATE utf8mb4_unicode_ci NOT NULL,
  `auditable_type` varchar(255) CHARACTER SET utf8mb4 COLLATE utf8mb4_unicode_ci NOT NULL,
  `auditable_id` bigint unsigned NOT NULL,
  `old_values` text CHARACTER SET utf8mb4 COLLATE utf8mb4_unicode_ci,
  `new_values` text CHARACTER SET utf8mb4 COLLATE utf8mb4_unicode_ci,
  `url` text CHARACTER SET utf8mb4 COLLATE utf8mb4_unicode_ci,
  `ip_address` varchar(45) CHARACTER SET utf8mb4 COLLATE utf8mb4_unicode_ci DEFAULT NULL,
  `user_agent` varchar(1023) CHARACTER SET utf8mb4 COLLATE utf8mb4_unicode_ci DEFAULT NULL,
  `tags` varchar(255) CHARACTER SET utf8mb4 COLLATE utf8mb4_unicode_ci DEFAULT NULL,
  `created_at` timestamp NULL DEFAULT NULL,
  `updated_at` timestamp NULL DEFAULT NULL,
  PRIMARY KEY (`id`),
  KEY `audits_auditable_type_auditable_id_index` (`auditable_type`,`auditable_id`),
  KEY `audits_user_id_user_type_index` (`user_id`,`user_type`)
) ENGINE=InnoDB AUTO_INCREMENT=276 DEFAULT CHARSET=utf8mb4 COLLATE=utf8mb4_unicode_ci;

-- Dumping data for table isms3.audits: ~260 rows (approximately)
INSERT INTO `audits` (`id`, `user_type`, `user_id`, `event`, `auditable_type`, `auditable_id`, `old_values`, `new_values`, `url`, `ip_address`, `user_agent`, `tags`, `created_at`, `updated_at`) VALUES
	(1, 'App\\Models\\User', 3, 'created', 'App\\Models\\Hirarc', 88, '[]', '{"prepared_by_signature":"\\/storage\\/signatures\\/usersignature\\/signature_verifiedby3.png","desc_job":"Makan2 je","location":"1","prepared_by":"AnasPM","inspection_date":"2024-05-15","updated_at":"2024-05-03 14:04:46","created_at":"2024-05-03 14:04:46","hirarc_id":88}', 'http://isms2.anas/user/add-hirarc-details', '127.0.0.1', 'Mozilla/5.0 (Windows NT 10.0; Win64; x64) AppleWebKit/537.36 (KHTML, like Gecko) Chrome/124.0.0.0 Safari/537.36', NULL, '2024-05-03 14:04:46', '2024-05-03 14:04:46'),
	(2, 'App\\Models\\User', 3, 'created', 'App\\Models\\Hirarc', 89, '[]', '{"prepared_by_signature":"\\/storage\\/signatures\\/usersignature\\/signature_verifiedby3.png","desc_job":"camam","location":"camam","prepared_by":"AnasPM","inspection_date":"2024-05-09","updated_at":"2024-05-03 14:05:45","created_at":"2024-05-03 14:05:45","hirarc_id":89}', 'http://isms2.anas/user/add-hirarc-details', '127.0.0.1', 'Mozilla/5.0 (Windows NT 10.0; Win64; x64) AppleWebKit/537.36 (KHTML, like Gecko) Chrome/124.0.0.0 Safari/537.36', NULL, '2024-05-03 14:05:45', '2024-05-03 14:05:45'),
	(3, 'App\\Models\\User', 3, 'updated', 'App\\Models\\Hirarc', 89, '{"desc_job":"camam","updated_at":"2024-05-03 14:05:45"}', '{"desc_job":"camam22","updated_at":"2024-05-03 14:11:22"}', 'http://isms2.anas/user/edit-hirarc-items/89', '127.0.0.1', 'Mozilla/5.0 (Windows NT 10.0; Win64; x64) AppleWebKit/537.36 (KHTML, like Gecko) Chrome/124.0.0.0 Safari/537.36', NULL, '2024-05-03 14:11:22', '2024-05-03 14:11:22'),
	(4, 'App\\Models\\User', 3, 'updated', 'App\\Models\\Hirarc', 89, '{"desc_job":"camam22","updated_at":"2024-05-03 14:11:22"}', '{"desc_job":"camam33","updated_at":"2024-05-03 14:12:28"}', 'http://isms2.anas/user/edit-hirarc-items/89', '127.0.0.1', 'Mozilla/5.0 (Windows NT 10.0; Win64; x64) AppleWebKit/537.36 (KHTML, like Gecko) Chrome/124.0.0.0 Safari/537.36', NULL, '2024-05-03 14:12:28', '2024-05-03 14:12:28'),
	(5, 'App\\Models\\User', 3, 'created', 'App\\Models\\Hirarc', 90, '[]', '{"prepared_by_signature":"\\/storage\\/signatures\\/usersignature\\/signature_verifiedby3.png","desc_job":"2222222","location":"222222","prepared_by":"AnasPM","inspection_date":"2024-05-21","updated_at":"2024-05-03 14:12:53","created_at":"2024-05-03 14:12:53","hirarc_id":90}', 'http://isms2.anas/user/add-hirarc-details', '127.0.0.1', 'Mozilla/5.0 (Windows NT 10.0; Win64; x64) AppleWebKit/537.36 (KHTML, like Gecko) Chrome/124.0.0.0 Safari/537.36', NULL, '2024-05-03 14:12:53', '2024-05-03 14:12:53'),
	(6, 'App\\Models\\User', 3, 'updated', 'App\\Models\\Hirarc', 90, '{"desc_job":"2222222","updated_at":"2024-05-03 14:12:53"}', '{"desc_job":"11111","updated_at":"2024-05-03 14:13:17"}', 'http://isms2.anas/user/edit-hirarc-items/90', '127.0.0.1', 'Mozilla/5.0 (Windows NT 10.0; Win64; x64) AppleWebKit/537.36 (KHTML, like Gecko) Chrome/124.0.0.0 Safari/537.36', NULL, '2024-05-03 14:13:17', '2024-05-03 14:13:17'),
	(7, 'App\\Models\\User', 3, 'updated', 'App\\Models\\Hirarc', 90, '{"desc_job":"11111","location":"222222","updated_at":"2024-05-03 14:13:17"}', '{"desc_job":"Mokan2","location":"Mekdi","updated_at":"2024-05-03 22:28:46"}', 'http://isms2.anas/user/edit-hirarc-items/90', '127.0.0.1', 'Mozilla/5.0 (Windows NT 10.0; Win64; x64) AppleWebKit/537.36 (KHTML, like Gecko) Chrome/124.0.0.0 Safari/537.36', NULL, '2024-05-03 22:28:46', '2024-05-03 22:28:46'),
	(8, 'App\\Models\\User', 3, 'updated', 'App\\Models\\Hirarc', 90, '{"prepared_by":"AnasPM","updated_at":"2024-05-03 22:28:46","inspection_date":"2024-05-21","prepared_by_signature":"\\/storage\\/signatures\\/usersignature\\/signature_verifiedby3.png"}', '{"prepared_by":"Amir","updated_at":"2024-05-03 23:32:50","inspection_date":"2024-05-02","prepared_by_signature":"\\/storage\\/signatures\\/preparedby\\/signature_prepared_by1714750370.png"}', 'http://isms2.anas/user/edit-hirarc-items/90', '127.0.0.1', 'Mozilla/5.0 (Windows NT 10.0; Win64; x64) AppleWebKit/537.36 (KHTML, like Gecko) Chrome/124.0.0.0 Safari/537.36', NULL, '2024-05-03 23:32:50', '2024-05-03 23:32:50'),
	(9, 'App\\Models\\User', 5, 'updated', 'App\\Models\\Hirarc', 90, '{"desc_job":"Mokan2","location":"Mekdi","prepared_by":"Amir","updated_at":"2024-05-03 23:32:50","inspection_date":"2024-05-02","prepared_by_signature":"\\/storage\\/signatures\\/preparedby\\/signature_prepared_by1714750370.png"}', '{"desc_job":"Grrrrrr","location":"Hehehehe","prepared_by":"AnasSHO","updated_at":"2024-05-03 23:35:48","inspection_date":"2024-05-01","prepared_by_signature":"\\/storage\\/signatures\\/preparedby\\/signature_prepared_by1714750548.png"}', 'http://isms2.anas/user/edit-hirarc-items/90', '127.0.0.1', 'Mozilla/5.0 (Windows NT 10.0; Win64; x64) AppleWebKit/537.36 (KHTML, like Gecko) Chrome/124.0.0.0 Safari/537.36', NULL, '2024-05-03 23:35:48', '2024-05-03 23:35:48'),
	(10, 'App\\Models\\User', 5, 'updated', 'App\\Models\\Hirarc', 90, '{"desc_job":"Grrrrrr","location":"Hehehehe","prepared_by":"AnasSHO","updated_at":"2024-05-03 23:35:48","inspection_date":"2024-05-01"}', '{"desc_job":"12312312323","location":"1231312312312","prepared_by":"12312312312","updated_at":"2024-05-03 23:41:26","inspection_date":"2024-05-02"}', 'http://isms2.anas/user/edit-hirarc-items/90', '127.0.0.1', 'Mozilla/5.0 (Windows NT 10.0; Win64; x64) AppleWebKit/537.36 (KHTML, like Gecko) Chrome/124.0.0.0 Safari/537.36', NULL, '2024-05-03 23:41:26', '2024-05-03 23:41:26'),
	(11, 'App\\Models\\User', 5, 'updated', 'App\\Models\\Hirarc', 90, '{"desc_job":"12312312323","location":"1231312312312","prepared_by":"12312312312","updated_at":"2024-05-03 23:41:26","inspection_date":"2024-05-02"}', '{"desc_job":"12312312 312321","location":"123123123123123","prepared_by":"231231231213","updated_at":"2024-05-04 00:45:02","inspection_date":"2024-05-20"}', 'http://isms2.anas/user/edit-hirarc-items/90', '127.0.0.1', 'Mozilla/5.0 (Windows NT 10.0; Win64; x64) AppleWebKit/537.36 (KHTML, like Gecko) Chrome/124.0.0.0 Safari/537.36', NULL, '2024-05-04 00:45:02', '2024-05-04 00:45:02'),
	(12, 'App\\Models\\User', 5, 'updated', 'App\\Models\\Hirarc', 90, '{"desc_job":"12312312 312321","location":"123123123123123","prepared_by":"231231231213","updated_at":"2024-05-04 00:45:02","inspection_date":"2024-05-20"}', '{"desc_job":"Quibusdam sunt vel e","location":"Deserunt et quo recu","prepared_by":"Delectus est in lab","updated_at":"2024-05-04 01:00:54","inspection_date":"2019-04-03"}', 'http://isms2.anas/user/edit-hirarc-items/90', '127.0.0.1', 'Mozilla/5.0 (Windows NT 10.0; Win64; x64) AppleWebKit/537.36 (KHTML, like Gecko) Chrome/124.0.0.0 Safari/537.36', NULL, '2024-05-04 01:00:54', '2024-05-04 01:00:54'),
	(13, 'App\\Models\\User', 5, 'updated', 'App\\Models\\Hirarc', 90, '{"updated_at":"2024-05-04 01:00:54","prepared_by_signature":"\\/storage\\/signatures\\/preparedby\\/signature_prepared_by1714750548.png"}', '{"updated_at":"2024-05-04 01:35:06","prepared_by_signature":"\\/storage\\/signatures\\/preparedby\\/signature_prepared_by1714757706.png"}', 'http://isms2.anas/user/edit-hirarc-items/90', '127.0.0.1', 'Mozilla/5.0 (Windows NT 10.0; Win64; x64) AppleWebKit/537.36 (KHTML, like Gecko) Chrome/124.0.0.0 Safari/537.36', NULL, '2024-05-04 01:35:06', '2024-05-04 01:35:06'),
	(14, 'App\\Models\\User', 5, 'created', 'App\\Models\\Hazard', 100, '[]', '{"job_sequence":"hahahaha","hazard":"hurm","can_cause":"bahaya u","hazard_id":100}', 'http://isms2.anas/user/add-hazard-details', '127.0.0.1', 'Mozilla/5.0 (Windows NT 10.0; Win64; x64) AppleWebKit/537.36 (KHTML, like Gecko) Chrome/124.0.0.0 Safari/537.36', NULL, '2024-05-04 02:19:26', '2024-05-04 02:19:26'),
	(15, 'App\\Models\\User', 5, 'created', 'App\\Models\\Hazard', 101, '[]', '{"job_sequence":"1213","hazard":"12313","can_cause":"12312312","hazard_id":101}', 'http://isms2.anas/user/edit-hazard-items/90', '127.0.0.1', 'Mozilla/5.0 (Windows NT 10.0; Win64; x64) AppleWebKit/537.36 (KHTML, like Gecko) Chrome/124.0.0.0 Safari/537.36', NULL, '2024-05-04 02:20:11', '2024-05-04 02:20:11'),
	(16, 'App\\Models\\User', 5, 'updated', 'App\\Models\\Hazard', 100, '{"job_sequence":"hahahaha","hazard":"hurm","can_cause":"bahaya u"}', '{"job_sequence":"1","hazard":"1","can_cause":"1"}', 'http://isms2.anas/user/edit-hazard-items/90', '127.0.0.1', 'Mozilla/5.0 (Windows NT 10.0; Win64; x64) AppleWebKit/537.36 (KHTML, like Gecko) Chrome/124.0.0.0 Safari/537.36', NULL, '2024-05-04 02:20:29', '2024-05-04 02:20:29'),
	(17, 'App\\Models\\User', 5, 'updated', 'App\\Models\\Hazard', 101, '{"job_sequence":"1213","hazard":"12313","can_cause":"12312312"}', '{"job_sequence":"2","hazard":"2","can_cause":"2"}', 'http://isms2.anas/user/edit-hazard-items/90', '127.0.0.1', 'Mozilla/5.0 (Windows NT 10.0; Win64; x64) AppleWebKit/537.36 (KHTML, like Gecko) Chrome/124.0.0.0 Safari/537.36', NULL, '2024-05-04 02:20:29', '2024-05-04 02:20:29'),
	(18, 'App\\Models\\User', 5, 'updated', 'App\\Models\\Hazard', 101, '{"job_sequence":"2","hazard":"2","can_cause":"2"}', '{"job_sequence":"3","hazard":"3","can_cause":"3"}', 'http://isms2.anas/user/edit-hazard-items/90', '127.0.0.1', 'Mozilla/5.0 (Windows NT 10.0; Win64; x64) AppleWebKit/537.36 (KHTML, like Gecko) Chrome/124.0.0.0 Safari/537.36', NULL, '2024-05-04 02:32:35', '2024-05-04 02:32:35'),
	(21, 'App\\Models\\User', 5, 'created', 'App\\Models\\Hazard', 103, '[]', '{"job_sequence":"4","hazard":"4","can_cause":"4","hirarc_id":90,"hazard_id":103}', 'http://isms2.anas/user/edit-hazard-items/90', '127.0.0.1', 'Mozilla/5.0 (Windows NT 10.0; Win64; x64) AppleWebKit/537.36 (KHTML, like Gecko) Chrome/124.0.0.0 Safari/537.36', NULL, '2024-05-04 11:35:45', '2024-05-04 11:35:45'),
	(22, 'App\\Models\\User', 5, 'deleted', 'App\\Models\\Hazard', 103, '{"hazard_id":103,"job_sequence":"4","hazard":"4","can_cause":"4","hirarc_id":90}', '[]', 'http://isms2.anas/user/edit-hazard-items/90', '127.0.0.1', 'Mozilla/5.0 (Windows NT 10.0; Win64; x64) AppleWebKit/537.36 (KHTML, like Gecko) Chrome/124.0.0.0 Safari/537.36', NULL, '2024-05-04 11:35:51', '2024-05-04 11:35:51'),
	(23, 'App\\Models\\User', 5, 'created', 'App\\Models\\Hazard', 104, '[]', '{"job_sequence":"5","hazard":"5","can_cause":"5","hirarc_id":90,"hazard_id":104}', 'http://isms2.anas/user/edit-hazard-items/90', '127.0.0.1', 'Mozilla/5.0 (Windows NT 10.0; Win64; x64) AppleWebKit/537.36 (KHTML, like Gecko) Chrome/124.0.0.0 Safari/537.36', NULL, '2024-05-04 13:42:18', '2024-05-04 13:42:18'),
	(24, 'App\\Models\\User', 5, 'created', 'App\\Models\\Risks', 87, '[]', '{"risk_desc":"1","current_control":"1","likelihood":"1","severity":"1","score":"1","index":"L","hazard_id":"100","hirarc_id":90}', 'http://isms2.anas/user/edit-risk-items/90', '127.0.0.1', 'Mozilla/5.0 (Windows NT 10.0; Win64; x64) AppleWebKit/537.36 (KHTML, like Gecko) Chrome/124.0.0.0 Safari/537.36', NULL, '2024-05-04 21:19:23', '2024-05-04 21:19:23'),
	(25, 'App\\Models\\User', 5, 'created', 'App\\Models\\Risks', 88, '[]', '{"risk_desc":"2","current_control":"2","likelihood":"2","severity":"2","score":"4","index":"L","hazard_id":"101","hirarc_id":90}', 'http://isms2.anas/user/edit-risk-items/90', '127.0.0.1', 'Mozilla/5.0 (Windows NT 10.0; Win64; x64) AppleWebKit/537.36 (KHTML, like Gecko) Chrome/124.0.0.0 Safari/537.36', NULL, '2024-05-04 21:19:23', '2024-05-04 21:19:23'),
	(26, 'App\\Models\\User', 5, 'created', 'App\\Models\\Risks', 89, '[]', '{"risk_desc":"3","current_control":"3","likelihood":"3","severity":"3","score":"9","index":"M","hazard_id":"104","hirarc_id":90}', 'http://isms2.anas/user/edit-risk-items/90', '127.0.0.1', 'Mozilla/5.0 (Windows NT 10.0; Win64; x64) AppleWebKit/537.36 (KHTML, like Gecko) Chrome/124.0.0.0 Safari/537.36', NULL, '2024-05-04 21:19:23', '2024-05-04 21:19:23'),
	(27, 'App\\Models\\User', 5, 'updated', 'App\\Models\\Risks', 87, '{"risk_desc":"1","current_control":"1","likelihood":1,"severity":1,"score":1,"index":"L"}', '{"risk_desc":"4","current_control":"4","likelihood":"4","severity":"4","score":"16","index":"H"}', 'http://isms2.anas/user/edit-risk-items/90', '127.0.0.1', 'Mozilla/5.0 (Windows NT 10.0; Win64; x64) AppleWebKit/537.36 (KHTML, like Gecko) Chrome/124.0.0.0 Safari/537.36', NULL, '2024-05-04 21:19:44', '2024-05-04 21:19:44'),
	(28, 'App\\Models\\User', 5, 'updated', 'App\\Models\\Risks', 88, '{"risk_desc":"2","current_control":"2","likelihood":2,"severity":2,"score":4,"index":"L"}', '{"risk_desc":"4","current_control":"4","likelihood":"4","severity":"4","score":"16","index":"H"}', 'http://isms2.anas/user/edit-risk-items/90', '127.0.0.1', 'Mozilla/5.0 (Windows NT 10.0; Win64; x64) AppleWebKit/537.36 (KHTML, like Gecko) Chrome/124.0.0.0 Safari/537.36', NULL, '2024-05-04 21:39:51', '2024-05-04 21:39:51'),
	(29, 'App\\Models\\User', 5, 'created', 'App\\Models\\Control', 65, '[]', '{"new_control":null,"opportunity":null,"responsibility":"Supervisor","status":"Reviewing","hazard_id":"100","hirarc_id":90}', 'http://isms2.anas/user/edit-control-items/90', '127.0.0.1', 'Mozilla/5.0 (Windows NT 10.0; Win64; x64) AppleWebKit/537.36 (KHTML, like Gecko) Chrome/124.0.0.0 Safari/537.36', NULL, '2024-05-04 23:04:28', '2024-05-04 23:04:28'),
	(30, 'App\\Models\\User', 5, 'created', 'App\\Models\\Control', 66, '[]', '{"new_control":null,"opportunity":null,"responsibility":"Supervisor","status":"Finished","hazard_id":"101","hirarc_id":90}', 'http://isms2.anas/user/edit-control-items/90', '127.0.0.1', 'Mozilla/5.0 (Windows NT 10.0; Win64; x64) AppleWebKit/537.36 (KHTML, like Gecko) Chrome/124.0.0.0 Safari/537.36', NULL, '2024-05-04 23:04:28', '2024-05-04 23:04:28'),
	(31, 'App\\Models\\User', 5, 'created', 'App\\Models\\Control', 67, '[]', '{"new_control":null,"opportunity":null,"responsibility":"Supervisor","status":"Finished","hazard_id":"104","hirarc_id":90}', 'http://isms2.anas/user/edit-control-items/90', '127.0.0.1', 'Mozilla/5.0 (Windows NT 10.0; Win64; x64) AppleWebKit/537.36 (KHTML, like Gecko) Chrome/124.0.0.0 Safari/537.36', NULL, '2024-05-04 23:04:28', '2024-05-04 23:04:28'),
	(32, 'App\\Models\\User', 5, 'updated', 'App\\Models\\Control', 65, '{"opportunity":null,"new_control":null}', '{"opportunity":"2","new_control":"2"}', 'http://isms2.anas/user/edit-control-items/90', '127.0.0.1', 'Mozilla/5.0 (Windows NT 10.0; Win64; x64) AppleWebKit/537.36 (KHTML, like Gecko) Chrome/124.0.0.0 Safari/537.36', NULL, '2024-05-04 23:10:24', '2024-05-04 23:10:24'),
	(33, 'App\\Models\\User', 5, 'deleted', 'App\\Models\\Hazard', 104, '{"hazard_id":104,"job_sequence":"5","hazard":"5","can_cause":"5","hirarc_id":90}', '[]', 'http://isms2.anas/user/edit-hazard-items/90', '127.0.0.1', 'Mozilla/5.0 (Windows NT 10.0; Win64; x64) AppleWebKit/537.36 (KHTML, like Gecko) Chrome/124.0.0.0 Safari/537.36', NULL, '2024-05-04 23:11:00', '2024-05-04 23:11:00'),
	(34, 'App\\Models\\User', 5, 'deleted', 'App\\Models\\Hazard', 101, '{"hazard_id":101,"job_sequence":"3","hazard":"3","can_cause":"3","hirarc_id":90}', '[]', 'http://isms2.anas/user/edit-hazard-items/90', '127.0.0.1', 'Mozilla/5.0 (Windows NT 10.0; Win64; x64) AppleWebKit/537.36 (KHTML, like Gecko) Chrome/124.0.0.0 Safari/537.36', NULL, '2024-05-04 23:14:46', '2024-05-04 23:14:46'),
	(35, 'App\\Models\\User', 5, 'created', 'App\\Models\\Hazard', 105, '[]', '{"job_sequence":"2","hazard":"2","can_cause":"2","hirarc_id":90,"hazard_id":105}', 'http://isms2.anas/user/edit-hazard-items/90', '127.0.0.1', 'Mozilla/5.0 (Windows NT 10.0; Win64; x64) AppleWebKit/537.36 (KHTML, like Gecko) Chrome/124.0.0.0 Safari/537.36', NULL, '2024-05-04 23:21:48', '2024-05-04 23:21:48'),
	(36, 'App\\Models\\User', 5, 'created', 'App\\Models\\Risks', 90, '[]', '{"risk_desc":"2","current_control":"2","likelihood":"2","severity":"2","score":"4","index":"L","hazard_id":"105","hirarc_id":90}', 'http://isms2.anas/user/edit-risk-items/90', '127.0.0.1', 'Mozilla/5.0 (Windows NT 10.0; Win64; x64) AppleWebKit/537.36 (KHTML, like Gecko) Chrome/124.0.0.0 Safari/537.36', NULL, '2024-05-04 23:21:52', '2024-05-04 23:21:52'),
	(37, 'App\\Models\\User', 5, 'created', 'App\\Models\\Control', 68, '[]', '{"new_control":"3","opportunity":"3","responsibility":"Supervisor","status":"Reviewing","hazard_id":"105","hirarc_id":90}', 'http://isms2.anas/user/edit-control-items/90', '127.0.0.1', 'Mozilla/5.0 (Windows NT 10.0; Win64; x64) AppleWebKit/537.36 (KHTML, like Gecko) Chrome/124.0.0.0 Safari/537.36', NULL, '2024-05-04 23:25:29', '2024-05-04 23:25:29'),
	(38, 'App\\Models\\User', 5, 'deleted', 'App\\Models\\HirarcReport', 81, '{"tpage_id":null,"hirarc_id":80}', '[]', 'http://isms2.anas/user/delete-hirarc/80', '127.0.0.1', 'Mozilla/5.0 (Windows NT 10.0; Win64; x64) AppleWebKit/537.36 (KHTML, like Gecko) Chrome/124.0.0.0 Safari/537.36', NULL, '2024-05-05 11:27:50', '2024-05-05 11:27:50'),
	(39, 'App\\Models\\User', 5, 'deleted', 'App\\Models\\Hirarc', 80, '{"hirarc_id":80,"desc_job":"2","location":"2","prepared_by":"AnasPM","created_at":"2024-04-29 17:21:49","updated_at":"2024-04-29 17:21:49","inspection_date":"2024-04-10","prepared_by_signature":"\\/storage\\/signatures\\/usersignature\\/signature_verifiedby3.png"}', '[]', 'http://isms2.anas/user/delete-hirarc/80', '127.0.0.1', 'Mozilla/5.0 (Windows NT 10.0; Win64; x64) AppleWebKit/537.36 (KHTML, like Gecko) Chrome/124.0.0.0 Safari/537.36', NULL, '2024-05-05 11:27:50', '2024-05-05 11:27:50'),
	(40, 'App\\Models\\User', 5, 'deleted', 'App\\Models\\HirarcReport', 86, '{"tpage_id":37,"hirarc_id":85}', '[]', 'http://isms2.anas/user/delete-hirarc/85', '127.0.0.1', 'Mozilla/5.0 (Windows NT 10.0; Win64; x64) AppleWebKit/537.36 (KHTML, like Gecko) Chrome/124.0.0.0 Safari/537.36', NULL, '2024-05-05 11:57:58', '2024-05-05 11:57:58'),
	(41, 'App\\Models\\User', 5, 'deleted', 'App\\Models\\Hirarc', 85, '{"hirarc_id":85,"desc_job":"Anas","location":"111","prepared_by":"AnasPM","created_at":"2024-05-02 03:24:14","updated_at":"2024-05-02 03:26:12","inspection_date":"2024-05-03","prepared_by_signature":"\\/storage\\/signatures\\/preparedby\\/signature_prepared_by1714620310.png"}', '[]', 'http://isms2.anas/user/delete-hirarc/85', '127.0.0.1', 'Mozilla/5.0 (Windows NT 10.0; Win64; x64) AppleWebKit/537.36 (KHTML, like Gecko) Chrome/124.0.0.0 Safari/537.36', NULL, '2024-05-05 11:57:58', '2024-05-05 11:57:58'),
	(42, 'App\\Models\\User', 5, 'updated', 'App\\Models\\Hirarc', 90, '{"prepared_by":"Delectus est in lab","updated_at":"2024-05-04 01:35:06"}', '{"prepared_by":"Amir","updated_at":"2024-05-05 12:04:47"}', 'http://isms2.anas/user/edit-hirarc-items/90', '127.0.0.1', 'Mozilla/5.0 (Windows NT 10.0; Win64; x64) AppleWebKit/537.36 (KHTML, like Gecko) Chrome/124.0.0.0 Safari/537.36', NULL, '2024-05-05 12:04:47', '2024-05-05 12:04:47'),
	(43, 'App\\Models\\User', 5, 'updated', 'App\\Models\\Hirarc', 90, '{"updated_at":"2024-05-05 12:04:47","prepared_by_signature":"\\/storage\\/signatures\\/preparedby\\/signature_prepared_by1714757706.png"}', '{"updated_at":"2024-05-05 12:05:13","prepared_by_signature":"\\/storage\\/signatures\\/preparedby\\/signature_prepared_by1714881913.png"}', 'http://isms2.anas/user/edit-hirarc-items/90', '127.0.0.1', 'Mozilla/5.0 (Windows NT 10.0; Win64; x64) AppleWebKit/537.36 (KHTML, like Gecko) Chrome/124.0.0.0 Safari/537.36', NULL, '2024-05-05 12:05:13', '2024-05-05 12:05:13'),
	(44, 'App\\Models\\User', 5, 'created', 'App\\Models\\Hirarc', 91, '[]', '{"prepared_by_signature":null,"desc_job":"Makan2 je","location":"11","prepared_by":"AnasSHO","inspection_date":"2024-05-10","updated_at":"2024-05-11 23:57:33","created_at":"2024-05-11 23:57:33","hirarc_id":91}', 'http://isms2.anas/user/add-hirarc-details', '127.0.0.1', 'Mozilla/5.0 (Windows NT 10.0; Win64; x64) AppleWebKit/537.36 (KHTML, like Gecko) Chrome/124.0.0.0 Safari/537.36', NULL, '2024-05-11 23:57:33', '2024-05-11 23:57:33'),
	(45, 'App\\Models\\User', 5, 'created', 'App\\Models\\HirarcReport', 92, '[]', '{"hirarc_id":91}', 'http://isms2.anas/user/add-hirarc-details', '127.0.0.1', 'Mozilla/5.0 (Windows NT 10.0; Win64; x64) AppleWebKit/537.36 (KHTML, like Gecko) Chrome/124.0.0.0 Safari/537.36', NULL, '2024-05-11 23:57:33', '2024-05-11 23:57:33'),
	(46, 'App\\Models\\User', 3, 'created', 'App\\Models\\Hirarc', 92, '[]', '{"prepared_by_signature":"\\/storage\\/signatures\\/usersignature\\/signature_verifiedby3.png","desc_job":"Makan2 je","location":"1","prepared_by":"AnasPM","inspection_date":"2024-05-07","updated_at":"2024-05-12 00:08:52","created_at":"2024-05-12 00:08:52","hirarc_id":92}', 'http://isms2.anas/user/add-hirarc-details', '127.0.0.1', 'Mozilla/5.0 (Windows NT 10.0; Win64; x64) AppleWebKit/537.36 (KHTML, like Gecko) Chrome/124.0.0.0 Safari/537.36', NULL, '2024-05-12 00:08:52', '2024-05-12 00:08:52'),
	(47, 'App\\Models\\User', 3, 'created', 'App\\Models\\Hirarc', 93, '[]', '{"prepared_by_signature":"\\/storage\\/signatures\\/usersignature\\/signature_verifiedby3.png","desc_job":"Makan2 je","location":"1","prepared_by":"AnasPM","inspection_date":"2024-05-07","updated_at":"2024-05-12 00:10:49","created_at":"2024-05-12 00:10:49","hirarc_id":93}', 'http://isms2.anas/user/add-hirarc-details', '127.0.0.1', 'Mozilla/5.0 (Windows NT 10.0; Win64; x64) AppleWebKit/537.36 (KHTML, like Gecko) Chrome/124.0.0.0 Safari/537.36', NULL, '2024-05-12 00:10:49', '2024-05-12 00:10:49'),
	(48, 'App\\Models\\User', 3, 'created', 'App\\Models\\Hirarc', 94, '[]', '{"prepared_by_signature":"\\/storage\\/signatures\\/usersignature\\/signature_verifiedby3.png","desc_job":"Makan2 je","location":"1","prepared_by":"AnasPM","inspection_date":"2024-05-07","updated_at":"2024-05-12 00:15:27","created_at":"2024-05-12 00:15:27","hirarc_id":94}', 'http://isms2.anas/user/add-hirarc-details', '127.0.0.1', 'Mozilla/5.0 (Windows NT 10.0; Win64; x64) AppleWebKit/537.36 (KHTML, like Gecko) Chrome/124.0.0.0 Safari/537.36', NULL, '2024-05-12 00:15:27', '2024-05-12 00:15:27'),
	(49, 'App\\Models\\User', 3, 'created', 'App\\Models\\HirarcReport', 93, '[]', '{"hirarc_id":94}', 'http://isms2.anas/user/add-hirarc-details', '127.0.0.1', 'Mozilla/5.0 (Windows NT 10.0; Win64; x64) AppleWebKit/537.36 (KHTML, like Gecko) Chrome/124.0.0.0 Safari/537.36', NULL, '2024-05-12 00:15:27', '2024-05-12 00:15:27'),
	(50, 'App\\Models\\User', 3, 'created', 'App\\Models\\Hirarc', 95, '[]', '{"prepared_by_signature":"\\/storage\\/signatures\\/usersignature\\/signature_verifiedby3.png","desc_job":"Makan2 je","location":"1","prepared_by":"AnasPM","inspection_date":"2024-05-07","updated_at":"2024-05-12 00:15:34","created_at":"2024-05-12 00:15:34","hirarc_id":95}', 'http://isms2.anas/user/add-hirarc-details', '127.0.0.1', 'Mozilla/5.0 (Windows NT 10.0; Win64; x64) AppleWebKit/537.36 (KHTML, like Gecko) Chrome/124.0.0.0 Safari/537.36', NULL, '2024-05-12 00:15:34', '2024-05-12 00:15:34'),
	(51, 'App\\Models\\User', 3, 'created', 'App\\Models\\HirarcReport', 94, '[]', '{"hirarc_id":95}', 'http://isms2.anas/user/add-hirarc-details', '127.0.0.1', 'Mozilla/5.0 (Windows NT 10.0; Win64; x64) AppleWebKit/537.36 (KHTML, like Gecko) Chrome/124.0.0.0 Safari/537.36', NULL, '2024-05-12 00:15:34', '2024-05-12 00:15:34'),
	(52, 'App\\Models\\User', 3, 'created', 'App\\Models\\Hirarc', 96, '[]', '{"prepared_by_signature":"\\/storage\\/signatures\\/usersignature\\/signature_verifiedby3.png","desc_job":"Makan2 je","location":"1","prepared_by":"AnasPM","inspection_date":"2024-05-07","updated_at":"2024-05-12 00:15:40","created_at":"2024-05-12 00:15:40","hirarc_id":96}', 'http://isms2.anas/user/add-hirarc-details', '127.0.0.1', 'Mozilla/5.0 (Windows NT 10.0; Win64; x64) AppleWebKit/537.36 (KHTML, like Gecko) Chrome/124.0.0.0 Safari/537.36', NULL, '2024-05-12 00:15:40', '2024-05-12 00:15:40'),
	(53, 'App\\Models\\User', 3, 'created', 'App\\Models\\HirarcReport', 95, '[]', '{"hirarc_id":96}', 'http://isms2.anas/user/add-hirarc-details', '127.0.0.1', 'Mozilla/5.0 (Windows NT 10.0; Win64; x64) AppleWebKit/537.36 (KHTML, like Gecko) Chrome/124.0.0.0 Safari/537.36', NULL, '2024-05-12 00:15:40', '2024-05-12 00:15:40'),
	(54, 'App\\Models\\User', 3, 'created', 'App\\Models\\Hazard', 106, '[]', '{"job_sequence":"1","hazard":"1","can_cause":"1","hirarc_id":"96","hazard_id":106}', 'http://isms2.anas/user/add-hazard-details', '127.0.0.1', 'Mozilla/5.0 (Windows NT 10.0; Win64; x64) AppleWebKit/537.36 (KHTML, like Gecko) Chrome/124.0.0.0 Safari/537.36', NULL, '2024-05-12 00:15:46', '2024-05-12 00:15:46'),
	(55, 'App\\Models\\User', 3, 'created', 'App\\Models\\Risks', 91, '[]', '{"risk_desc":"2","current_control":"2","likelihood":"2","severity":"2","score":"4","index":"L","hazard_id":"106","hirarc_id":"96"}', 'http://isms2.anas/user/add-risk-details', '127.0.0.1', 'Mozilla/5.0 (Windows NT 10.0; Win64; x64) AppleWebKit/537.36 (KHTML, like Gecko) Chrome/124.0.0.0 Safari/537.36', NULL, '2024-05-12 00:15:49', '2024-05-12 00:15:49'),
	(56, 'App\\Models\\User', 3, 'created', 'App\\Models\\Control', 69, '[]', '{"opportunity":"2","new_control":"2","responsibility":"2","status":"Reviewing","hazard_id":"106","hirarc_id":"96"}', 'http://isms2.anas/user/add-control-details', '127.0.0.1', 'Mozilla/5.0 (Windows NT 10.0; Win64; x64) AppleWebKit/537.36 (KHTML, like Gecko) Chrome/124.0.0.0 Safari/537.36', NULL, '2024-05-12 00:15:59', '2024-05-12 00:15:59'),
	(57, 'App\\Models\\User', 3, 'created', 'App\\Models\\Hirarc', 97, '[]', '{"prepared_by_signature":"\\/storage\\/signatures\\/usersignature\\/signature_verifiedby3.png","desc_job":"3","location":"3","prepared_by":"AnasPM","inspection_date":"2024-04-29","updated_at":"2024-05-12 00:16:16","created_at":"2024-05-12 00:16:16","hirarc_id":97}', 'http://isms2.anas/user/add-hirarc-details', '127.0.0.1', 'Mozilla/5.0 (Windows NT 10.0; Win64; x64) AppleWebKit/537.36 (KHTML, like Gecko) Chrome/124.0.0.0 Safari/537.36', NULL, '2024-05-12 00:16:16', '2024-05-12 00:16:16'),
	(58, 'App\\Models\\User', 3, 'created', 'App\\Models\\HirarcReport', 96, '[]', '{"hirarc_id":97}', 'http://isms2.anas/user/add-hirarc-details', '127.0.0.1', 'Mozilla/5.0 (Windows NT 10.0; Win64; x64) AppleWebKit/537.36 (KHTML, like Gecko) Chrome/124.0.0.0 Safari/537.36', NULL, '2024-05-12 00:16:16', '2024-05-12 00:16:16'),
	(59, 'App\\Models\\User', 3, 'created', 'App\\Models\\Hirarc', 98, '[]', '{"prepared_by_signature":"\\/storage\\/signatures\\/usersignature\\/signature_verifiedby3.png","desc_job":"1","location":"1","prepared_by":"AnasPM","inspection_date":"2024-05-09","updated_at":"2024-05-12 00:17:55","created_at":"2024-05-12 00:17:55","hirarc_id":98}', 'http://isms2.anas/user/add-hirarc-details', '127.0.0.1', 'Mozilla/5.0 (Windows NT 10.0; Win64; x64) AppleWebKit/537.36 (KHTML, like Gecko) Chrome/124.0.0.0 Safari/537.36', NULL, '2024-05-12 00:17:55', '2024-05-12 00:17:55'),
	(60, 'App\\Models\\User', 3, 'created', 'App\\Models\\HirarcReport', 97, '[]', '{"hirarc_id":98}', 'http://isms2.anas/user/add-hirarc-details', '127.0.0.1', 'Mozilla/5.0 (Windows NT 10.0; Win64; x64) AppleWebKit/537.36 (KHTML, like Gecko) Chrome/124.0.0.0 Safari/537.36', NULL, '2024-05-12 00:17:55', '2024-05-12 00:17:55'),
	(61, 'App\\Models\\User', 3, 'created', 'App\\Models\\Hirarc', 99, '[]', '{"prepared_by_signature":"\\/storage\\/signatures\\/usersignature\\/signature_verifiedby3.png","desc_job":"1","location":"1","prepared_by":"AnasPM","inspection_date":"2024-05-17","updated_at":"2024-05-12 00:19:08","created_at":"2024-05-12 00:19:08","hirarc_id":99}', 'http://isms2.anas/user/add-hirarc-details', '127.0.0.1', 'Mozilla/5.0 (Windows NT 10.0; Win64; x64) AppleWebKit/537.36 (KHTML, like Gecko) Chrome/124.0.0.0 Safari/537.36', NULL, '2024-05-12 00:19:08', '2024-05-12 00:19:08'),
	(62, 'App\\Models\\User', 3, 'created', 'App\\Models\\HirarcReport', 98, '[]', '{"hirarc_id":99}', 'http://isms2.anas/user/add-hirarc-details', '127.0.0.1', 'Mozilla/5.0 (Windows NT 10.0; Win64; x64) AppleWebKit/537.36 (KHTML, like Gecko) Chrome/124.0.0.0 Safari/537.36', NULL, '2024-05-12 00:19:08', '2024-05-12 00:19:08'),
	(63, 'App\\Models\\User', 3, 'created', 'App\\Models\\Hirarc', 100, '[]', '{"prepared_by_signature":"\\/storage\\/signatures\\/usersignature\\/signature_verifiedby3.png","desc_job":"1","location":"1","prepared_by":"AnasPM","inspection_date":"2024-05-09","updated_at":"2024-05-12 00:21:51","created_at":"2024-05-12 00:21:51","hirarc_id":100}', 'http://isms2.anas/user/add-hirarc-details', '127.0.0.1', 'Mozilla/5.0 (Windows NT 10.0; Win64; x64) AppleWebKit/537.36 (KHTML, like Gecko) Chrome/124.0.0.0 Safari/537.36', NULL, '2024-05-12 00:21:51', '2024-05-12 00:21:51'),
	(64, 'App\\Models\\User', 3, 'created', 'App\\Models\\HirarcReport', 99, '[]', '{"hirarc_id":100}', 'http://isms2.anas/user/add-hirarc-details', '127.0.0.1', 'Mozilla/5.0 (Windows NT 10.0; Win64; x64) AppleWebKit/537.36 (KHTML, like Gecko) Chrome/124.0.0.0 Safari/537.36', NULL, '2024-05-12 00:21:51', '2024-05-12 00:21:51'),
	(65, 'App\\Models\\User', 3, 'created', 'App\\Models\\Hirarc', 101, '[]', '{"prepared_by_signature":"\\/storage\\/signatures\\/usersignature\\/signature_verifiedby3.png","desc_job":"3","location":"3","prepared_by":"AnasPM","inspection_date":"2024-05-15","updated_at":"2024-05-12 00:22:03","created_at":"2024-05-12 00:22:03","hirarc_id":101}', 'http://isms2.anas/user/add-hirarc-details', '127.0.0.1', 'Mozilla/5.0 (Windows NT 10.0; Win64; x64) AppleWebKit/537.36 (KHTML, like Gecko) Chrome/124.0.0.0 Safari/537.36', NULL, '2024-05-12 00:22:03', '2024-05-12 00:22:03'),
	(66, 'App\\Models\\User', 3, 'created', 'App\\Models\\HirarcReport', 100, '[]', '{"hirarc_id":101}', 'http://isms2.anas/user/add-hirarc-details', '127.0.0.1', 'Mozilla/5.0 (Windows NT 10.0; Win64; x64) AppleWebKit/537.36 (KHTML, like Gecko) Chrome/124.0.0.0 Safari/537.36', NULL, '2024-05-12 00:22:03', '2024-05-12 00:22:03'),
	(67, 'App\\Models\\User', 5, 'created', 'App\\Models\\Hirarc', 102, '[]', '{"prepared_by_signature":"\\/storage\\/signatures\\/preparedby\\/signature_prepared_by1715447769.png","desc_job":"3","location":"3","prepared_by":"AnasSHO","inspection_date":"2024-05-14","updated_at":"2024-05-12 01:16:09","created_at":"2024-05-12 01:16:09","hirarc_id":102}', 'http://isms2.anas/user/add-hirarc-details', '127.0.0.1', 'Mozilla/5.0 (Windows NT 10.0; Win64; x64) AppleWebKit/537.36 (KHTML, like Gecko) Chrome/124.0.0.0 Safari/537.36', NULL, '2024-05-12 01:16:09', '2024-05-12 01:16:09'),
	(68, 'App\\Models\\User', 5, 'created', 'App\\Models\\HirarcReport', 101, '[]', '{"hirarc_id":102}', 'http://isms2.anas/user/add-hirarc-details', '127.0.0.1', 'Mozilla/5.0 (Windows NT 10.0; Win64; x64) AppleWebKit/537.36 (KHTML, like Gecko) Chrome/124.0.0.0 Safari/537.36', NULL, '2024-05-12 01:16:09', '2024-05-12 01:16:09'),
	(69, 'App\\Models\\User', 2, 'created', 'App\\Models\\Hirarc', 103, '[]', '{"prepared_by_signature":"\\/storage\\/signatures\\/preparedby\\/signature_prepared_by1715542005.png","desc_job":"1","location":"1","prepared_by":"AnasSV","inspection_date":"2025-05-13","updated_at":"2024-05-13 03:26:45","created_at":"2024-05-13 03:26:45","hirarc_id":103}', 'http://isms2.anas/user/add-hirarc-details', '127.0.0.1', 'Mozilla/5.0 (Windows NT 10.0; Win64; x64) AppleWebKit/537.36 (KHTML, like Gecko) Chrome/124.0.0.0 Safari/537.36', NULL, '2024-05-13 03:26:45', '2024-05-13 03:26:45'),
	(70, 'App\\Models\\User', 2, 'created', 'App\\Models\\HirarcReport', 102, '[]', '{"hirarc_id":103}', 'http://isms2.anas/user/add-hirarc-details', '127.0.0.1', 'Mozilla/5.0 (Windows NT 10.0; Win64; x64) AppleWebKit/537.36 (KHTML, like Gecko) Chrome/124.0.0.0 Safari/537.36', NULL, '2024-05-13 03:26:45', '2024-05-13 03:26:45'),
	(71, 'App\\Models\\User', 2, 'created', 'App\\Models\\Hazard', 107, '[]', '{"job_sequence":"1","hazard":"1","can_cause":"1","hirarc_id":"103","hazard_id":107}', 'http://isms2.anas/user/add-hazard-details', '127.0.0.1', 'Mozilla/5.0 (Windows NT 10.0; Win64; x64) AppleWebKit/537.36 (KHTML, like Gecko) Chrome/124.0.0.0 Safari/537.36', NULL, '2024-05-13 03:27:01', '2024-05-13 03:27:01'),
	(72, 'App\\Models\\User', 2, 'created', 'App\\Models\\Risks', 92, '[]', '{"risk_desc":"1","current_control":"1","likelihood":"1","severity":"1","score":"1","index":"L","hazard_id":"107","hirarc_id":"103"}', 'http://isms2.anas/user/add-risk-details', '127.0.0.1', 'Mozilla/5.0 (Windows NT 10.0; Win64; x64) AppleWebKit/537.36 (KHTML, like Gecko) Chrome/124.0.0.0 Safari/537.36', NULL, '2024-05-13 03:27:05', '2024-05-13 03:27:05'),
	(73, 'App\\Models\\User', 2, 'created', 'App\\Models\\Control', 70, '[]', '{"opportunity":"1","new_control":"1","responsibility":"1","status":"Reviewing","hazard_id":"107","hirarc_id":"103"}', 'http://isms2.anas/user/add-control-details', '127.0.0.1', 'Mozilla/5.0 (Windows NT 10.0; Win64; x64) AppleWebKit/537.36 (KHTML, like Gecko) Chrome/124.0.0.0 Safari/537.36', NULL, '2024-05-13 03:27:08', '2024-05-13 03:27:08'),
	(74, 'App\\Models\\User', 2, 'deleted', 'App\\Models\\HirarcReport', 102, '{"tpage_id":null,"hirarc_id":103}', '[]', 'http://isms2.anas/user/delete-hirarc/103', '127.0.0.1', 'Mozilla/5.0 (Windows NT 10.0; Win64; x64) AppleWebKit/537.36 (KHTML, like Gecko) Chrome/124.0.0.0 Safari/537.36', NULL, '2024-05-13 03:27:18', '2024-05-13 03:27:18'),
	(75, 'App\\Models\\User', 2, 'deleted', 'App\\Models\\Hirarc', 103, '{"hirarc_id":103,"desc_job":"1","location":"1","prepared_by":"AnasSV","created_at":"2024-05-13 03:26:45","updated_at":"2024-05-13 03:26:45","inspection_date":"2025-05-13","prepared_by_signature":"\\/storage\\/signatures\\/preparedby\\/signature_prepared_by1715542005.png"}', '[]', 'http://isms2.anas/user/delete-hirarc/103', '127.0.0.1', 'Mozilla/5.0 (Windows NT 10.0; Win64; x64) AppleWebKit/537.36 (KHTML, like Gecko) Chrome/124.0.0.0 Safari/537.36', NULL, '2024-05-13 03:27:18', '2024-05-13 03:27:18'),
	(76, 'App\\Models\\User', 2, 'deleted', 'App\\Models\\HirarcReport', 92, '{"tpage_id":null,"hirarc_id":91}', '[]', 'http://isms2.anas/user/delete-hirarc/91', '127.0.0.1', 'Mozilla/5.0 (Windows NT 10.0; Win64; x64) AppleWebKit/537.36 (KHTML, like Gecko) Chrome/124.0.0.0 Safari/537.36', NULL, '2024-05-13 03:27:21', '2024-05-13 03:27:21'),
	(77, 'App\\Models\\User', 2, 'deleted', 'App\\Models\\Hirarc', 91, '{"hirarc_id":91,"desc_job":"Makan2 je","location":"11","prepared_by":"AnasSHO","created_at":"2024-05-11 23:57:33","updated_at":"2024-05-11 23:57:33","inspection_date":"2024-05-10","prepared_by_signature":null}', '[]', 'http://isms2.anas/user/delete-hirarc/91', '127.0.0.1', 'Mozilla/5.0 (Windows NT 10.0; Win64; x64) AppleWebKit/537.36 (KHTML, like Gecko) Chrome/124.0.0.0 Safari/537.36', NULL, '2024-05-13 03:27:21', '2024-05-13 03:27:21'),
	(78, 'App\\Models\\User', 2, 'deleted', 'App\\Models\\HirarcReport', 93, '{"tpage_id":null,"hirarc_id":94}', '[]', 'http://isms2.anas/user/delete-hirarc/94', '127.0.0.1', 'Mozilla/5.0 (Windows NT 10.0; Win64; x64) AppleWebKit/537.36 (KHTML, like Gecko) Chrome/124.0.0.0 Safari/537.36', NULL, '2024-05-13 03:27:24', '2024-05-13 03:27:24'),
	(79, 'App\\Models\\User', 2, 'deleted', 'App\\Models\\Hirarc', 94, '{"hirarc_id":94,"desc_job":"Makan2 je","location":"1","prepared_by":"AnasPM","created_at":"2024-05-12 00:15:27","updated_at":"2024-05-12 00:15:27","inspection_date":"2024-05-07","prepared_by_signature":"\\/storage\\/signatures\\/usersignature\\/signature_verifiedby3.png"}', '[]', 'http://isms2.anas/user/delete-hirarc/94', '127.0.0.1', 'Mozilla/5.0 (Windows NT 10.0; Win64; x64) AppleWebKit/537.36 (KHTML, like Gecko) Chrome/124.0.0.0 Safari/537.36', NULL, '2024-05-13 03:27:24', '2024-05-13 03:27:24'),
	(80, 'App\\Models\\User', 2, 'deleted', 'App\\Models\\HirarcReport', 94, '{"tpage_id":null,"hirarc_id":95}', '[]', 'http://isms2.anas/user/delete-hirarc/95', '127.0.0.1', 'Mozilla/5.0 (Windows NT 10.0; Win64; x64) AppleWebKit/537.36 (KHTML, like Gecko) Chrome/124.0.0.0 Safari/537.36', NULL, '2024-05-13 03:27:27', '2024-05-13 03:27:27'),
	(81, 'App\\Models\\User', 2, 'deleted', 'App\\Models\\Hirarc', 95, '{"hirarc_id":95,"desc_job":"Makan2 je","location":"1","prepared_by":"AnasPM","created_at":"2024-05-12 00:15:34","updated_at":"2024-05-12 00:15:34","inspection_date":"2024-05-07","prepared_by_signature":"\\/storage\\/signatures\\/usersignature\\/signature_verifiedby3.png"}', '[]', 'http://isms2.anas/user/delete-hirarc/95', '127.0.0.1', 'Mozilla/5.0 (Windows NT 10.0; Win64; x64) AppleWebKit/537.36 (KHTML, like Gecko) Chrome/124.0.0.0 Safari/537.36', NULL, '2024-05-13 03:27:27', '2024-05-13 03:27:27'),
	(82, 'App\\Models\\User', 2, 'deleted', 'App\\Models\\HirarcReport', 95, '{"tpage_id":null,"hirarc_id":96}', '[]', 'http://isms2.anas/user/delete-hirarc/96', '127.0.0.1', 'Mozilla/5.0 (Windows NT 10.0; Win64; x64) AppleWebKit/537.36 (KHTML, like Gecko) Chrome/124.0.0.0 Safari/537.36', NULL, '2024-05-13 03:27:30', '2024-05-13 03:27:30'),
	(83, 'App\\Models\\User', 2, 'deleted', 'App\\Models\\Hirarc', 96, '{"hirarc_id":96,"desc_job":"Makan2 je","location":"1","prepared_by":"AnasPM","created_at":"2024-05-12 00:15:40","updated_at":"2024-05-12 00:15:40","inspection_date":"2024-05-07","prepared_by_signature":"\\/storage\\/signatures\\/usersignature\\/signature_verifiedby3.png"}', '[]', 'http://isms2.anas/user/delete-hirarc/96', '127.0.0.1', 'Mozilla/5.0 (Windows NT 10.0; Win64; x64) AppleWebKit/537.36 (KHTML, like Gecko) Chrome/124.0.0.0 Safari/537.36', NULL, '2024-05-13 03:27:30', '2024-05-13 03:27:30'),
	(84, 'App\\Models\\User', 2, 'deleted', 'App\\Models\\HirarcReport', 96, '{"tpage_id":null,"hirarc_id":97}', '[]', 'http://isms2.anas/user/delete-hirarc/97', '127.0.0.1', 'Mozilla/5.0 (Windows NT 10.0; Win64; x64) AppleWebKit/537.36 (KHTML, like Gecko) Chrome/124.0.0.0 Safari/537.36', NULL, '2024-05-13 03:27:34', '2024-05-13 03:27:34'),
	(85, 'App\\Models\\User', 2, 'deleted', 'App\\Models\\Hirarc', 97, '{"hirarc_id":97,"desc_job":"3","location":"3","prepared_by":"AnasPM","created_at":"2024-05-12 00:16:16","updated_at":"2024-05-12 00:16:16","inspection_date":"2024-04-29","prepared_by_signature":"\\/storage\\/signatures\\/usersignature\\/signature_verifiedby3.png"}', '[]', 'http://isms2.anas/user/delete-hirarc/97', '127.0.0.1', 'Mozilla/5.0 (Windows NT 10.0; Win64; x64) AppleWebKit/537.36 (KHTML, like Gecko) Chrome/124.0.0.0 Safari/537.36', NULL, '2024-05-13 03:27:34', '2024-05-13 03:27:34'),
	(86, 'App\\Models\\User', 5, 'created', 'App\\Models\\Hirarc', 104, '[]', '{"prepared_by_signature":"\\/storage\\/signatures\\/preparedby\\/signature_prepared_by1715542073.png","desc_job":"1","location":"1","prepared_by":"AnasSHO","inspection_date":"2024-05-09","updated_at":"2024-05-13 03:27:53","created_at":"2024-05-13 03:27:53","hirarc_id":104}', 'http://127.0.0.1:8000/user/add-hirarc-details', '127.0.0.1', 'Mozilla/5.0 (Windows NT 10.0; Win64; x64; rv:124.0) Gecko/20100101 Firefox/124.0', NULL, '2024-05-13 03:27:53', '2024-05-13 03:27:53'),
	(87, 'App\\Models\\User', 5, 'created', 'App\\Models\\HirarcReport', 103, '[]', '{"hirarc_id":104}', 'http://127.0.0.1:8000/user/add-hirarc-details', '127.0.0.1', 'Mozilla/5.0 (Windows NT 10.0; Win64; x64; rv:124.0) Gecko/20100101 Firefox/124.0', NULL, '2024-05-13 03:27:53', '2024-05-13 03:27:53'),
	(88, 'App\\Models\\User', 2, 'created', 'App\\Models\\Hazard', 108, '[]', '{"job_sequence":"1","hazard":"1","can_cause":"1","hirarc_id":"104","hazard_id":108}', 'http://isms2.anas/user/add-hazard-details', '127.0.0.1', 'Mozilla/5.0 (Windows NT 10.0; Win64; x64) AppleWebKit/537.36 (KHTML, like Gecko) Chrome/124.0.0.0 Safari/537.36', NULL, '2024-05-13 03:28:57', '2024-05-13 03:28:57'),
	(89, 'App\\Models\\User', 2, 'updated', 'App\\Models\\Hirarc', 104, '{"desc_job":"1","location":"1","updated_at":"2024-05-13 03:27:53"}', '{"desc_job":"2","location":"2","updated_at":"2024-05-13 03:29:11"}', 'http://isms2.anas/user/edit-hirarc-items/104', '127.0.0.1', 'Mozilla/5.0 (Windows NT 10.0; Win64; x64) AppleWebKit/537.36 (KHTML, like Gecko) Chrome/124.0.0.0 Safari/537.36', NULL, '2024-05-13 03:29:11', '2024-05-13 03:29:11'),
	(90, 'App\\Models\\User', 2, 'created', 'App\\Models\\Hazard', 109, '[]', '{"job_sequence":"2","hazard":"2","can_cause":"2","hirarc_id":104,"hazard_id":109}', 'http://isms2.anas/user/edit-hazard-items/104', '127.0.0.1', 'Mozilla/5.0 (Windows NT 10.0; Win64; x64) AppleWebKit/537.36 (KHTML, like Gecko) Chrome/124.0.0.0 Safari/537.36', NULL, '2024-05-13 03:29:28', '2024-05-13 03:29:28'),
	(91, 'App\\Models\\User', 2, 'created', 'App\\Models\\Risks', 93, '[]', '{"risk_desc":"2","current_control":"2","likelihood":"2","severity":"1","score":"2","index":"L","hazard_id":"108","hirarc_id":104}', 'http://isms2.anas/user/edit-risk-items/104', '127.0.0.1', 'Mozilla/5.0 (Windows NT 10.0; Win64; x64) AppleWebKit/537.36 (KHTML, like Gecko) Chrome/124.0.0.0 Safari/537.36', NULL, '2024-05-13 03:29:41', '2024-05-13 03:29:41'),
	(92, 'App\\Models\\User', 2, 'created', 'App\\Models\\Risks', 94, '[]', '{"risk_desc":"2","current_control":"2","likelihood":"2","severity":"2","score":"4","index":"L","hazard_id":"109","hirarc_id":104}', 'http://isms2.anas/user/edit-risk-items/104', '127.0.0.1', 'Mozilla/5.0 (Windows NT 10.0; Win64; x64) AppleWebKit/537.36 (KHTML, like Gecko) Chrome/124.0.0.0 Safari/537.36', NULL, '2024-05-13 03:29:41', '2024-05-13 03:29:41'),
	(93, 'App\\Models\\User', 2, 'updated', 'App\\Models\\Risks', 94, '{"risk_desc":"2"}', '{"risk_desc":"3"}', 'http://isms2.anas/user/edit-risk-items/104', '127.0.0.1', 'Mozilla/5.0 (Windows NT 10.0; Win64; x64) AppleWebKit/537.36 (KHTML, like Gecko) Chrome/124.0.0.0 Safari/537.36', NULL, '2024-05-13 03:29:48', '2024-05-13 03:29:48'),
	(94, 'App\\Models\\User', 2, 'created', 'App\\Models\\Control', 71, '[]', '{"new_control":"2","opportunity":"2","responsibility":"2","status":"Reviewing","hazard_id":"108","hirarc_id":104}', 'http://isms2.anas/user/edit-control-items/104', '127.0.0.1', 'Mozilla/5.0 (Windows NT 10.0; Win64; x64) AppleWebKit/537.36 (KHTML, like Gecko) Chrome/124.0.0.0 Safari/537.36', NULL, '2024-05-13 03:29:58', '2024-05-13 03:29:58'),
	(95, 'App\\Models\\User', 2, 'created', 'App\\Models\\Control', 72, '[]', '{"new_control":"2","opportunity":"2","responsibility":"2","status":"Reviewing","hazard_id":"109","hirarc_id":104}', 'http://isms2.anas/user/edit-control-items/104', '127.0.0.1', 'Mozilla/5.0 (Windows NT 10.0; Win64; x64) AppleWebKit/537.36 (KHTML, like Gecko) Chrome/124.0.0.0 Safari/537.36', NULL, '2024-05-13 03:29:58', '2024-05-13 03:29:58'),
	(96, 'App\\Models\\User', 2, 'created', 'App\\Models\\Hirarc', 105, '[]', '{"prepared_by_signature":null,"desc_job":"2","location":"2","prepared_by":"AnasSV","inspection_date":"2024-05-18","updated_at":"2024-05-13 19:34:07","created_at":"2024-05-13 19:34:07","hirarc_id":105}', 'http://isms2.anas/user/add-hirarc-details', '127.0.0.1', 'Mozilla/5.0 (Windows NT 10.0; Win64; x64) AppleWebKit/537.36 (KHTML, like Gecko) Chrome/124.0.0.0 Safari/537.36', NULL, '2024-05-13 19:34:07', '2024-05-13 19:34:07'),
	(97, 'App\\Models\\User', 2, 'created', 'App\\Models\\HirarcReport', 104, '[]', '{"hirarc_id":105}', 'http://isms2.anas/user/add-hirarc-details', '127.0.0.1', 'Mozilla/5.0 (Windows NT 10.0; Win64; x64) AppleWebKit/537.36 (KHTML, like Gecko) Chrome/124.0.0.0 Safari/537.36', NULL, '2024-05-13 19:34:07', '2024-05-13 19:34:07'),
	(98, 'App\\Models\\User', 2, 'created', 'App\\Models\\Hirarc', 106, '[]', '{"prepared_by_signature":null,"desc_job":"2","location":"2","prepared_by":"AnasSV","inspection_date":"2024-05-14","updated_at":"2024-05-13 19:35:03","created_at":"2024-05-13 19:35:03","hirarc_id":106}', 'http://isms2.anas/user/add-hirarc-details', '127.0.0.1', 'Mozilla/5.0 (Windows NT 10.0; Win64; x64) AppleWebKit/537.36 (KHTML, like Gecko) Chrome/124.0.0.0 Safari/537.36', NULL, '2024-05-13 19:35:03', '2024-05-13 19:35:03'),
	(99, 'App\\Models\\User', 2, 'created', 'App\\Models\\HirarcReport', 105, '[]', '{"hirarc_id":106}', 'http://isms2.anas/user/add-hirarc-details', '127.0.0.1', 'Mozilla/5.0 (Windows NT 10.0; Win64; x64) AppleWebKit/537.36 (KHTML, like Gecko) Chrome/124.0.0.0 Safari/537.36', NULL, '2024-05-13 19:35:03', '2024-05-13 19:35:03'),
	(100, 'App\\Models\\User', 2, 'deleted', 'App\\Models\\HirarcReport', 105, '{"tpage_id":null,"hirarc_id":106}', '[]', 'http://isms2.anas/user/delete-hirarc/106', '127.0.0.1', 'Mozilla/5.0 (Windows NT 10.0; Win64; x64) AppleWebKit/537.36 (KHTML, like Gecko) Chrome/124.0.0.0 Safari/537.36', NULL, '2024-05-13 19:35:25', '2024-05-13 19:35:25'),
	(101, 'App\\Models\\User', 2, 'deleted', 'App\\Models\\Hirarc', 106, '{"hirarc_id":106,"desc_job":"2","location":"2","prepared_by":"AnasSV","created_at":"2024-05-13 19:35:03","updated_at":"2024-05-13 19:35:03","inspection_date":"2024-05-14","prepared_by_signature":null}', '[]', 'http://isms2.anas/user/delete-hirarc/106', '127.0.0.1', 'Mozilla/5.0 (Windows NT 10.0; Win64; x64) AppleWebKit/537.36 (KHTML, like Gecko) Chrome/124.0.0.0 Safari/537.36', NULL, '2024-05-13 19:35:25', '2024-05-13 19:35:25'),
	(102, 'App\\Models\\User', 2, 'deleted', 'App\\Models\\HirarcReport', 104, '{"tpage_id":null,"hirarc_id":105}', '[]', 'http://isms2.anas/user/delete-hirarc/105', '127.0.0.1', 'Mozilla/5.0 (Windows NT 10.0; Win64; x64) AppleWebKit/537.36 (KHTML, like Gecko) Chrome/124.0.0.0 Safari/537.36', NULL, '2024-05-13 19:35:29', '2024-05-13 19:35:29'),
	(103, 'App\\Models\\User', 2, 'deleted', 'App\\Models\\Hirarc', 105, '{"hirarc_id":105,"desc_job":"2","location":"2","prepared_by":"AnasSV","created_at":"2024-05-13 19:34:07","updated_at":"2024-05-13 19:34:07","inspection_date":"2024-05-18","prepared_by_signature":null}', '[]', 'http://isms2.anas/user/delete-hirarc/105', '127.0.0.1', 'Mozilla/5.0 (Windows NT 10.0; Win64; x64) AppleWebKit/537.36 (KHTML, like Gecko) Chrome/124.0.0.0 Safari/537.36', NULL, '2024-05-13 19:35:29', '2024-05-13 19:35:29'),
	(104, 'App\\Models\\User', 2, 'deleted', 'App\\Models\\HirarcReport', 103, '{"tpage_id":null,"hirarc_id":104}', '[]', 'http://isms2.anas/user/delete-hirarc/104', '127.0.0.1', 'Mozilla/5.0 (Windows NT 10.0; Win64; x64) AppleWebKit/537.36 (KHTML, like Gecko) Chrome/124.0.0.0 Safari/537.36', NULL, '2024-05-13 19:35:34', '2024-05-13 19:35:34'),
	(105, 'App\\Models\\User', 2, 'deleted', 'App\\Models\\Hirarc', 104, '{"hirarc_id":104,"desc_job":"2","location":"2","prepared_by":"AnasSHO","created_at":"2024-05-13 03:27:53","updated_at":"2024-05-13 03:29:11","inspection_date":"2024-05-09","prepared_by_signature":"\\/storage\\/signatures\\/preparedby\\/signature_prepared_by1715542073.png"}', '[]', 'http://isms2.anas/user/delete-hirarc/104', '127.0.0.1', 'Mozilla/5.0 (Windows NT 10.0; Win64; x64) AppleWebKit/537.36 (KHTML, like Gecko) Chrome/124.0.0.0 Safari/537.36', NULL, '2024-05-13 19:35:34', '2024-05-13 19:35:34'),
	(106, 'App\\Models\\User', 2, 'deleted', 'App\\Models\\HirarcReport', 101, '{"tpage_id":null,"hirarc_id":102}', '[]', 'http://isms2.anas/user/delete-hirarc/102', '127.0.0.1', 'Mozilla/5.0 (Windows NT 10.0; Win64; x64) AppleWebKit/537.36 (KHTML, like Gecko) Chrome/124.0.0.0 Safari/537.36', NULL, '2024-05-13 19:35:42', '2024-05-13 19:35:42'),
	(107, 'App\\Models\\User', 2, 'deleted', 'App\\Models\\Hirarc', 102, '{"hirarc_id":102,"desc_job":"3","location":"3","prepared_by":"AnasSHO","created_at":"2024-05-12 01:16:09","updated_at":"2024-05-12 01:16:09","inspection_date":"2024-05-14","prepared_by_signature":"\\/storage\\/signatures\\/preparedby\\/signature_prepared_by1715447769.png"}', '[]', 'http://isms2.anas/user/delete-hirarc/102', '127.0.0.1', 'Mozilla/5.0 (Windows NT 10.0; Win64; x64) AppleWebKit/537.36 (KHTML, like Gecko) Chrome/124.0.0.0 Safari/537.36', NULL, '2024-05-13 19:35:42', '2024-05-13 19:35:42'),
	(108, 'App\\Models\\User', 2, 'created', 'App\\Models\\Hirarc', 107, '[]', '{"prepared_by_signature":"\\/storage\\/signatures\\/preparedby\\/signature_prepared_by1715600151.png","desc_job":"2","location":"2","prepared_by":"AnasSV","inspection_date":"2024-05-08","updated_at":"2024-05-13 19:35:51","created_at":"2024-05-13 19:35:51","hirarc_id":107}', 'http://isms2.anas/user/add-hirarc-details', '127.0.0.1', 'Mozilla/5.0 (Windows NT 10.0; Win64; x64) AppleWebKit/537.36 (KHTML, like Gecko) Chrome/124.0.0.0 Safari/537.36', NULL, '2024-05-13 19:35:51', '2024-05-13 19:35:51'),
	(109, 'App\\Models\\User', 2, 'created', 'App\\Models\\HirarcReport', 106, '[]', '{"hirarc_id":107}', 'http://isms2.anas/user/add-hirarc-details', '127.0.0.1', 'Mozilla/5.0 (Windows NT 10.0; Win64; x64) AppleWebKit/537.36 (KHTML, like Gecko) Chrome/124.0.0.0 Safari/537.36', NULL, '2024-05-13 19:35:51', '2024-05-13 19:35:51'),
	(110, 'App\\Models\\User', 5, 'created', 'App\\Models\\Hirarc', 108, '[]', '{"prepared_by_signature":"\\/storage\\/signatures\\/preparedby\\/signature_prepared_by1715600171.png","desc_job":"3","location":"3","prepared_by":"AnasSHO","inspection_date":"2024-05-07","updated_at":"2024-05-13 19:36:11","created_at":"2024-05-13 19:36:11","hirarc_id":108}', 'http://isms2.anas/user/add-hirarc-details', '127.0.0.1', 'Mozilla/5.0 (Windows NT 10.0; Win64; x64; rv:125.0) Gecko/20100101 Firefox/125.0', NULL, '2024-05-13 19:36:11', '2024-05-13 19:36:11'),
	(111, 'App\\Models\\User', 5, 'created', 'App\\Models\\HirarcReport', 107, '[]', '{"hirarc_id":108}', 'http://isms2.anas/user/add-hirarc-details', '127.0.0.1', 'Mozilla/5.0 (Windows NT 10.0; Win64; x64; rv:125.0) Gecko/20100101 Firefox/125.0', NULL, '2024-05-13 19:36:11', '2024-05-13 19:36:11'),
	(112, 'App\\Models\\User', 2, 'created', 'App\\Models\\Hirarc', 109, '[]', '{"prepared_by_signature":"\\/storage\\/signatures\\/preparedby\\/signature_prepared_by1715605445.png","desc_job":"2","location":"2","prepared_by":"AnasSV","inspection_date":"2024-05-08","updated_at":"2024-05-13 21:04:05","created_at":"2024-05-13 21:04:05","hirarc_id":109}', 'http://isms2.anas/user/add-hirarc-details', '127.0.0.1', 'Mozilla/5.0 (Windows NT 10.0; Win64; x64) AppleWebKit/537.36 (KHTML, like Gecko) Chrome/124.0.0.0 Safari/537.36', NULL, '2024-05-13 21:04:06', '2024-05-13 21:04:06'),
	(113, 'App\\Models\\User', 2, 'created', 'App\\Models\\HirarcReport', 108, '[]', '{"hirarc_id":109}', 'http://isms2.anas/user/add-hirarc-details', '127.0.0.1', 'Mozilla/5.0 (Windows NT 10.0; Win64; x64) AppleWebKit/537.36 (KHTML, like Gecko) Chrome/124.0.0.0 Safari/537.36', NULL, '2024-05-13 21:04:06', '2024-05-13 21:04:06'),
	(114, 'App\\Models\\User', 2, 'created', 'App\\Models\\Hirarc', 110, '[]', '{"prepared_by_signature":"\\/storage\\/signatures\\/preparedby\\/signature_prepared_by1715605466.png","desc_job":"2","location":"2","prepared_by":"AnasSV","inspection_date":"2024-05-08","updated_at":"2024-05-13 21:04:26","created_at":"2024-05-13 21:04:26","hirarc_id":110}', 'http://isms2.anas/user/add-hirarc-details', '127.0.0.1', 'Mozilla/5.0 (Windows NT 10.0; Win64; x64) AppleWebKit/537.36 (KHTML, like Gecko) Chrome/124.0.0.0 Safari/537.36', NULL, '2024-05-13 21:04:26', '2024-05-13 21:04:26'),
	(115, 'App\\Models\\User', 2, 'created', 'App\\Models\\HirarcReport', 109, '[]', '{"hirarc_id":110}', 'http://isms2.anas/user/add-hirarc-details', '127.0.0.1', 'Mozilla/5.0 (Windows NT 10.0; Win64; x64) AppleWebKit/537.36 (KHTML, like Gecko) Chrome/124.0.0.0 Safari/537.36', NULL, '2024-05-13 21:04:27', '2024-05-13 21:04:27'),
	(116, 'App\\Models\\User', 2, 'created', 'App\\Models\\Hirarc', 111, '[]', '{"prepared_by_signature":"\\/storage\\/signatures\\/preparedby\\/signature_prepared_by1715605478.png","desc_job":"2","location":"2","prepared_by":"AnasSV","inspection_date":"2024-05-08","updated_at":"2024-05-13 21:04:38","created_at":"2024-05-13 21:04:38","hirarc_id":111}', 'http://isms2.anas/user/add-hirarc-details', '127.0.0.1', 'Mozilla/5.0 (Windows NT 10.0; Win64; x64) AppleWebKit/537.36 (KHTML, like Gecko) Chrome/124.0.0.0 Safari/537.36', NULL, '2024-05-13 21:04:38', '2024-05-13 21:04:38'),
	(117, 'App\\Models\\User', 2, 'created', 'App\\Models\\HirarcReport', 110, '[]', '{"hirarc_id":111}', 'http://isms2.anas/user/add-hirarc-details', '127.0.0.1', 'Mozilla/5.0 (Windows NT 10.0; Win64; x64) AppleWebKit/537.36 (KHTML, like Gecko) Chrome/124.0.0.0 Safari/537.36', NULL, '2024-05-13 21:04:38', '2024-05-13 21:04:38'),
	(118, 'App\\Models\\User', 2, 'created', 'App\\Models\\Hirarc', 112, '[]', '{"prepared_by_signature":"\\/storage\\/signatures\\/preparedby\\/signature_prepared_by1715605581.png","desc_job":"2","location":"2","prepared_by":"AnasSV","inspection_date":"2024-05-08","updated_at":"2024-05-13 21:06:21","created_at":"2024-05-13 21:06:21","hirarc_id":112}', 'http://isms2.anas/user/add-hirarc-details', '127.0.0.1', 'Mozilla/5.0 (Windows NT 10.0; Win64; x64) AppleWebKit/537.36 (KHTML, like Gecko) Chrome/124.0.0.0 Safari/537.36', NULL, '2024-05-13 21:06:21', '2024-05-13 21:06:21'),
	(119, 'App\\Models\\User', 2, 'created', 'App\\Models\\HirarcReport', 111, '[]', '{"hirarc_id":112}', 'http://isms2.anas/user/add-hirarc-details', '127.0.0.1', 'Mozilla/5.0 (Windows NT 10.0; Win64; x64) AppleWebKit/537.36 (KHTML, like Gecko) Chrome/124.0.0.0 Safari/537.36', NULL, '2024-05-13 21:06:21', '2024-05-13 21:06:21'),
	(120, 'App\\Models\\User', 2, 'created', 'App\\Models\\Hirarc', 113, '[]', '{"prepared_by_signature":"\\/storage\\/signatures\\/preparedby\\/signature_prepared_by1715605668.png","desc_job":"2","location":"2","prepared_by":"AnasSV","inspection_date":"2024-05-08","updated_at":"2024-05-13 21:07:48","created_at":"2024-05-13 21:07:48","hirarc_id":113}', 'http://isms2.anas/user/add-hirarc-details', '127.0.0.1', 'Mozilla/5.0 (Windows NT 10.0; Win64; x64) AppleWebKit/537.36 (KHTML, like Gecko) Chrome/124.0.0.0 Safari/537.36', NULL, '2024-05-13 21:07:48', '2024-05-13 21:07:48'),
	(121, 'App\\Models\\User', 2, 'created', 'App\\Models\\HirarcReport', 112, '[]', '{"hirarc_id":113}', 'http://isms2.anas/user/add-hirarc-details', '127.0.0.1', 'Mozilla/5.0 (Windows NT 10.0; Win64; x64) AppleWebKit/537.36 (KHTML, like Gecko) Chrome/124.0.0.0 Safari/537.36', NULL, '2024-05-13 21:07:48', '2024-05-13 21:07:48'),
	(122, 'App\\Models\\User', 2, 'created', 'App\\Models\\Hirarc', 114, '[]', '{"prepared_by_signature":"\\/storage\\/signatures\\/preparedby\\/signature_prepared_by1715605702.png","desc_job":"2","location":"2","prepared_by":"AnasSV","inspection_date":"2024-05-08","updated_at":"2024-05-13 21:08:22","created_at":"2024-05-13 21:08:22","hirarc_id":114}', 'http://isms2.anas/user/add-hirarc-details', '127.0.0.1', 'Mozilla/5.0 (Windows NT 10.0; Win64; x64) AppleWebKit/537.36 (KHTML, like Gecko) Chrome/124.0.0.0 Safari/537.36', NULL, '2024-05-13 21:08:22', '2024-05-13 21:08:22'),
	(123, 'App\\Models\\User', 2, 'created', 'App\\Models\\HirarcReport', 113, '[]', '{"hirarc_id":114}', 'http://isms2.anas/user/add-hirarc-details', '127.0.0.1', 'Mozilla/5.0 (Windows NT 10.0; Win64; x64) AppleWebKit/537.36 (KHTML, like Gecko) Chrome/124.0.0.0 Safari/537.36', NULL, '2024-05-13 21:08:22', '2024-05-13 21:08:22'),
	(124, 'App\\Models\\User', 5, 'deleted', 'App\\Models\\HirarcReport', 113, '{"tpage_id":null,"hirarc_id":114}', '[]', 'http://isms2.anas/user/delete-hirarc/114', '127.0.0.1', 'Mozilla/5.0 (Windows NT 10.0; Win64; x64; rv:125.0) Gecko/20100101 Firefox/125.0', NULL, '2024-05-13 21:08:31', '2024-05-13 21:08:31'),
	(125, 'App\\Models\\User', 5, 'deleted', 'App\\Models\\Hirarc', 114, '{"hirarc_id":114,"desc_job":"2","location":"2","prepared_by":"AnasSV","created_at":"2024-05-13 21:08:22","updated_at":"2024-05-13 21:08:22","inspection_date":"2024-05-08","prepared_by_signature":"\\/storage\\/signatures\\/preparedby\\/signature_prepared_by1715605702.png"}', '[]', 'http://isms2.anas/user/delete-hirarc/114', '127.0.0.1', 'Mozilla/5.0 (Windows NT 10.0; Win64; x64; rv:125.0) Gecko/20100101 Firefox/125.0', NULL, '2024-05-13 21:08:31', '2024-05-13 21:08:31'),
	(126, 'App\\Models\\User', 5, 'deleted', 'App\\Models\\HirarcReport', 112, '{"tpage_id":null,"hirarc_id":113}', '[]', 'http://isms2.anas/user/delete-hirarc/113', '127.0.0.1', 'Mozilla/5.0 (Windows NT 10.0; Win64; x64; rv:125.0) Gecko/20100101 Firefox/125.0', NULL, '2024-05-13 21:08:36', '2024-05-13 21:08:36'),
	(127, 'App\\Models\\User', 5, 'deleted', 'App\\Models\\Hirarc', 113, '{"hirarc_id":113,"desc_job":"2","location":"2","prepared_by":"AnasSV","created_at":"2024-05-13 21:07:48","updated_at":"2024-05-13 21:07:48","inspection_date":"2024-05-08","prepared_by_signature":"\\/storage\\/signatures\\/preparedby\\/signature_prepared_by1715605668.png"}', '[]', 'http://isms2.anas/user/delete-hirarc/113', '127.0.0.1', 'Mozilla/5.0 (Windows NT 10.0; Win64; x64; rv:125.0) Gecko/20100101 Firefox/125.0', NULL, '2024-05-13 21:08:36', '2024-05-13 21:08:36'),
	(128, 'App\\Models\\User', 5, 'deleted', 'App\\Models\\HirarcReport', 111, '{"tpage_id":null,"hirarc_id":112}', '[]', 'http://isms2.anas/user/delete-hirarc/112', '127.0.0.1', 'Mozilla/5.0 (Windows NT 10.0; Win64; x64; rv:125.0) Gecko/20100101 Firefox/125.0', NULL, '2024-05-13 21:08:39', '2024-05-13 21:08:39'),
	(129, 'App\\Models\\User', 5, 'deleted', 'App\\Models\\Hirarc', 112, '{"hirarc_id":112,"desc_job":"2","location":"2","prepared_by":"AnasSV","created_at":"2024-05-13 21:06:21","updated_at":"2024-05-13 21:06:21","inspection_date":"2024-05-08","prepared_by_signature":"\\/storage\\/signatures\\/preparedby\\/signature_prepared_by1715605581.png"}', '[]', 'http://isms2.anas/user/delete-hirarc/112', '127.0.0.1', 'Mozilla/5.0 (Windows NT 10.0; Win64; x64; rv:125.0) Gecko/20100101 Firefox/125.0', NULL, '2024-05-13 21:08:39', '2024-05-13 21:08:39'),
	(130, 'App\\Models\\User', 5, 'deleted', 'App\\Models\\HirarcReport', 110, '{"tpage_id":null,"hirarc_id":111}', '[]', 'http://isms2.anas/user/delete-hirarc/111', '127.0.0.1', 'Mozilla/5.0 (Windows NT 10.0; Win64; x64; rv:125.0) Gecko/20100101 Firefox/125.0', NULL, '2024-05-13 21:08:42', '2024-05-13 21:08:42'),
	(131, 'App\\Models\\User', 5, 'deleted', 'App\\Models\\Hirarc', 111, '{"hirarc_id":111,"desc_job":"2","location":"2","prepared_by":"AnasSV","created_at":"2024-05-13 21:04:38","updated_at":"2024-05-13 21:04:38","inspection_date":"2024-05-08","prepared_by_signature":"\\/storage\\/signatures\\/preparedby\\/signature_prepared_by1715605478.png"}', '[]', 'http://isms2.anas/user/delete-hirarc/111', '127.0.0.1', 'Mozilla/5.0 (Windows NT 10.0; Win64; x64; rv:125.0) Gecko/20100101 Firefox/125.0', NULL, '2024-05-13 21:08:42', '2024-05-13 21:08:42'),
	(132, 'App\\Models\\User', 5, 'deleted', 'App\\Models\\HirarcReport', 109, '{"tpage_id":null,"hirarc_id":110}', '[]', 'http://isms2.anas/user/delete-hirarc/110', '127.0.0.1', 'Mozilla/5.0 (Windows NT 10.0; Win64; x64; rv:125.0) Gecko/20100101 Firefox/125.0', NULL, '2024-05-13 21:08:46', '2024-05-13 21:08:46'),
	(133, 'App\\Models\\User', 5, 'deleted', 'App\\Models\\Hirarc', 110, '{"hirarc_id":110,"desc_job":"2","location":"2","prepared_by":"AnasSV","created_at":"2024-05-13 21:04:26","updated_at":"2024-05-13 21:04:26","inspection_date":"2024-05-08","prepared_by_signature":"\\/storage\\/signatures\\/preparedby\\/signature_prepared_by1715605466.png"}', '[]', 'http://isms2.anas/user/delete-hirarc/110', '127.0.0.1', 'Mozilla/5.0 (Windows NT 10.0; Win64; x64; rv:125.0) Gecko/20100101 Firefox/125.0', NULL, '2024-05-13 21:08:46', '2024-05-13 21:08:46'),
	(134, 'App\\Models\\User', 5, 'deleted', 'App\\Models\\HirarcReport', 108, '{"tpage_id":null,"hirarc_id":109}', '[]', 'http://isms2.anas/user/delete-hirarc/109', '127.0.0.1', 'Mozilla/5.0 (Windows NT 10.0; Win64; x64; rv:125.0) Gecko/20100101 Firefox/125.0', NULL, '2024-05-13 21:08:49', '2024-05-13 21:08:49'),
	(135, 'App\\Models\\User', 5, 'deleted', 'App\\Models\\Hirarc', 109, '{"hirarc_id":109,"desc_job":"2","location":"2","prepared_by":"AnasSV","created_at":"2024-05-13 21:04:05","updated_at":"2024-05-13 21:04:05","inspection_date":"2024-05-08","prepared_by_signature":"\\/storage\\/signatures\\/preparedby\\/signature_prepared_by1715605445.png"}', '[]', 'http://isms2.anas/user/delete-hirarc/109', '127.0.0.1', 'Mozilla/5.0 (Windows NT 10.0; Win64; x64; rv:125.0) Gecko/20100101 Firefox/125.0', NULL, '2024-05-13 21:08:49', '2024-05-13 21:08:49'),
	(136, 'App\\Models\\User', 5, 'deleted', 'App\\Models\\HirarcReport', 107, '{"tpage_id":null,"hirarc_id":108}', '[]', 'http://isms2.anas/user/delete-hirarc/108', '127.0.0.1', 'Mozilla/5.0 (Windows NT 10.0; Win64; x64; rv:125.0) Gecko/20100101 Firefox/125.0', NULL, '2024-05-13 21:08:52', '2024-05-13 21:08:52'),
	(137, 'App\\Models\\User', 5, 'deleted', 'App\\Models\\Hirarc', 108, '{"hirarc_id":108,"desc_job":"3","location":"3","prepared_by":"AnasSHO","created_at":"2024-05-13 19:36:11","updated_at":"2024-05-13 19:36:11","inspection_date":"2024-05-07","prepared_by_signature":"\\/storage\\/signatures\\/preparedby\\/signature_prepared_by1715600171.png"}', '[]', 'http://isms2.anas/user/delete-hirarc/108', '127.0.0.1', 'Mozilla/5.0 (Windows NT 10.0; Win64; x64; rv:125.0) Gecko/20100101 Firefox/125.0', NULL, '2024-05-13 21:08:52', '2024-05-13 21:08:52'),
	(138, 'App\\Models\\User', 2, 'created', 'App\\Models\\Hirarc', 115, '[]', '{"prepared_by_signature":"\\/storage\\/signatures\\/preparedby\\/signature_prepared_by1715605768.png","desc_job":"2","location":"2","prepared_by":"AnasSV","inspection_date":"2024-05-08","updated_at":"2024-05-13 21:09:28","created_at":"2024-05-13 21:09:28","hirarc_id":115}', 'http://isms2.anas/user/add-hirarc-details', '127.0.0.1', 'Mozilla/5.0 (Windows NT 10.0; Win64; x64) AppleWebKit/537.36 (KHTML, like Gecko) Chrome/124.0.0.0 Safari/537.36', NULL, '2024-05-13 21:09:28', '2024-05-13 21:09:28'),
	(139, 'App\\Models\\User', 2, 'created', 'App\\Models\\HirarcReport', 114, '[]', '{"hirarc_id":115}', 'http://isms2.anas/user/add-hirarc-details', '127.0.0.1', 'Mozilla/5.0 (Windows NT 10.0; Win64; x64) AppleWebKit/537.36 (KHTML, like Gecko) Chrome/124.0.0.0 Safari/537.36', NULL, '2024-05-13 21:09:28', '2024-05-13 21:09:28'),
	(140, 'App\\Models\\User', 2, 'created', 'App\\Models\\Hirarc', 116, '[]', '{"prepared_by_signature":"\\/storage\\/signatures\\/preparedby\\/signature_prepared_by1715605802.png","desc_job":"2","location":"2","prepared_by":"AnasSV","inspection_date":"2024-05-08","updated_at":"2024-05-13 21:10:02","created_at":"2024-05-13 21:10:02","hirarc_id":116}', 'http://isms2.anas/user/add-hirarc-details', '127.0.0.1', 'Mozilla/5.0 (Windows NT 10.0; Win64; x64) AppleWebKit/537.36 (KHTML, like Gecko) Chrome/124.0.0.0 Safari/537.36', NULL, '2024-05-13 21:10:02', '2024-05-13 21:10:02'),
	(141, 'App\\Models\\User', 2, 'created', 'App\\Models\\HirarcReport', 115, '[]', '{"hirarc_id":116}', 'http://isms2.anas/user/add-hirarc-details', '127.0.0.1', 'Mozilla/5.0 (Windows NT 10.0; Win64; x64) AppleWebKit/537.36 (KHTML, like Gecko) Chrome/124.0.0.0 Safari/537.36', NULL, '2024-05-13 21:10:02', '2024-05-13 21:10:02'),
	(142, 'App\\Models\\User', 2, 'created', 'App\\Models\\Hirarc', 117, '[]', '{"prepared_by_signature":"\\/storage\\/signatures\\/preparedby\\/signature_prepared_by1715605817.png","desc_job":"2","location":"2","prepared_by":"AnasSV","inspection_date":"2024-05-08","updated_at":"2024-05-13 21:10:17","created_at":"2024-05-13 21:10:17","hirarc_id":117}', 'http://isms2.anas/user/add-hirarc-details', '127.0.0.1', 'Mozilla/5.0 (Windows NT 10.0; Win64; x64) AppleWebKit/537.36 (KHTML, like Gecko) Chrome/124.0.0.0 Safari/537.36', NULL, '2024-05-13 21:10:17', '2024-05-13 21:10:17'),
	(143, 'App\\Models\\User', 2, 'created', 'App\\Models\\HirarcReport', 116, '[]', '{"hirarc_id":117}', 'http://isms2.anas/user/add-hirarc-details', '127.0.0.1', 'Mozilla/5.0 (Windows NT 10.0; Win64; x64) AppleWebKit/537.36 (KHTML, like Gecko) Chrome/124.0.0.0 Safari/537.36', NULL, '2024-05-13 21:10:17', '2024-05-13 21:10:17'),
	(144, 'App\\Models\\User', 2, 'created', 'App\\Models\\Hirarc', 118, '[]', '{"prepared_by_signature":"\\/storage\\/signatures\\/preparedby\\/signature_prepared_by1715606054.png","desc_job":"2","location":"2","prepared_by":"AnasSV","inspection_date":"2024-05-08","updated_at":"2024-05-13 21:14:14","created_at":"2024-05-13 21:14:14","hirarc_id":118}', 'http://isms2.anas/user/add-hirarc-details', '127.0.0.1', 'Mozilla/5.0 (Windows NT 10.0; Win64; x64) AppleWebKit/537.36 (KHTML, like Gecko) Chrome/124.0.0.0 Safari/537.36', NULL, '2024-05-13 21:14:14', '2024-05-13 21:14:14'),
	(145, 'App\\Models\\User', 2, 'created', 'App\\Models\\HirarcReport', 117, '[]', '{"hirarc_id":118}', 'http://isms2.anas/user/add-hirarc-details', '127.0.0.1', 'Mozilla/5.0 (Windows NT 10.0; Win64; x64) AppleWebKit/537.36 (KHTML, like Gecko) Chrome/124.0.0.0 Safari/537.36', NULL, '2024-05-13 21:14:14', '2024-05-13 21:14:14'),
	(146, 'App\\Models\\User', 2, 'created', 'App\\Models\\Hirarc', 119, '[]', '{"prepared_by_signature":"\\/storage\\/signatures\\/preparedby\\/signature_prepared_by1715606241.png","desc_job":"2","location":"2","prepared_by":"AnasSV","inspection_date":"2024-05-08","updated_at":"2024-05-13 21:17:21","created_at":"2024-05-13 21:17:21","hirarc_id":119}', 'http://isms2.anas/user/add-hirarc-details', '127.0.0.1', 'Mozilla/5.0 (Windows NT 10.0; Win64; x64) AppleWebKit/537.36 (KHTML, like Gecko) Chrome/124.0.0.0 Safari/537.36', NULL, '2024-05-13 21:17:21', '2024-05-13 21:17:21'),
	(147, 'App\\Models\\User', 2, 'created', 'App\\Models\\HirarcReport', 118, '[]', '{"hirarc_id":119}', 'http://isms2.anas/user/add-hirarc-details', '127.0.0.1', 'Mozilla/5.0 (Windows NT 10.0; Win64; x64) AppleWebKit/537.36 (KHTML, like Gecko) Chrome/124.0.0.0 Safari/537.36', NULL, '2024-05-13 21:17:21', '2024-05-13 21:17:21'),
	(148, 'App\\Models\\User', 2, 'created', 'App\\Models\\Hirarc', 120, '[]', '{"prepared_by_signature":"\\/storage\\/signatures\\/preparedby\\/signature_prepared_by1715606659.png","desc_job":"2","location":"2","prepared_by":"AnasSV","inspection_date":"2024-05-08","updated_at":"2024-05-13 21:24:19","created_at":"2024-05-13 21:24:19","hirarc_id":120}', 'http://isms2.anas/user/add-hirarc-details', '127.0.0.1', 'Mozilla/5.0 (Windows NT 10.0; Win64; x64) AppleWebKit/537.36 (KHTML, like Gecko) Chrome/124.0.0.0 Safari/537.36', NULL, '2024-05-13 21:24:19', '2024-05-13 21:24:19'),
	(149, 'App\\Models\\User', 2, 'created', 'App\\Models\\HirarcReport', 119, '[]', '{"hirarc_id":120}', 'http://isms2.anas/user/add-hirarc-details', '127.0.0.1', 'Mozilla/5.0 (Windows NT 10.0; Win64; x64) AppleWebKit/537.36 (KHTML, like Gecko) Chrome/124.0.0.0 Safari/537.36', NULL, '2024-05-13 21:24:19', '2024-05-13 21:24:19'),
	(150, 'App\\Models\\User', 2, 'created', 'App\\Models\\Hirarc', 121, '[]', '{"prepared_by_signature":"\\/storage\\/signatures\\/preparedby\\/signature_prepared_by1715606833.png","desc_job":"2","location":"2","prepared_by":"AnasSV","inspection_date":"2024-05-08","updated_at":"2024-05-13 21:27:13","created_at":"2024-05-13 21:27:13","hirarc_id":121}', 'http://isms2.anas/user/add-hirarc-details', '127.0.0.1', 'Mozilla/5.0 (Windows NT 10.0; Win64; x64) AppleWebKit/537.36 (KHTML, like Gecko) Chrome/124.0.0.0 Safari/537.36', NULL, '2024-05-13 21:27:13', '2024-05-13 21:27:13'),
	(151, 'App\\Models\\User', 2, 'created', 'App\\Models\\HirarcReport', 120, '[]', '{"hirarc_id":121}', 'http://isms2.anas/user/add-hirarc-details', '127.0.0.1', 'Mozilla/5.0 (Windows NT 10.0; Win64; x64) AppleWebKit/537.36 (KHTML, like Gecko) Chrome/124.0.0.0 Safari/537.36', NULL, '2024-05-13 21:27:13', '2024-05-13 21:27:13'),
	(152, 'App\\Models\\User', 2, 'created', 'App\\Models\\Hirarc', 122, '[]', '{"prepared_by_signature":"\\/storage\\/signatures\\/preparedby\\/signature_prepared_by1715611120.png","desc_job":"2","location":"2","prepared_by":"AnasSV","inspection_date":"2024-05-08","updated_at":"2024-05-13 22:38:40","created_at":"2024-05-13 22:38:40","hirarc_id":122}', 'http://isms2.anas/user/add-hirarc-details', '127.0.0.1', 'Mozilla/5.0 (Windows NT 10.0; Win64; x64) AppleWebKit/537.36 (KHTML, like Gecko) Chrome/124.0.0.0 Safari/537.36', NULL, '2024-05-13 22:38:40', '2024-05-13 22:38:40'),
	(153, 'App\\Models\\User', 2, 'created', 'App\\Models\\HirarcReport', 121, '[]', '{"hirarc_id":122}', 'http://isms2.anas/user/add-hirarc-details', '127.0.0.1', 'Mozilla/5.0 (Windows NT 10.0; Win64; x64) AppleWebKit/537.36 (KHTML, like Gecko) Chrome/124.0.0.0 Safari/537.36', NULL, '2024-05-13 22:38:40', '2024-05-13 22:38:40'),
	(154, 'App\\Models\\User', 2, 'created', 'App\\Models\\Hirarc', 123, '[]', '{"prepared_by_signature":"\\/storage\\/signatures\\/preparedby\\/signature_prepared_by1715611220.png","desc_job":"2","location":"2","prepared_by":"AnasSV","inspection_date":"2024-05-08","updated_at":"2024-05-13 22:40:20","created_at":"2024-05-13 22:40:20","hirarc_id":123}', 'http://isms2.anas/user/add-hirarc-details', '127.0.0.1', 'Mozilla/5.0 (Windows NT 10.0; Win64; x64) AppleWebKit/537.36 (KHTML, like Gecko) Chrome/124.0.0.0 Safari/537.36', NULL, '2024-05-13 22:40:20', '2024-05-13 22:40:20'),
	(155, 'App\\Models\\User', 2, 'created', 'App\\Models\\HirarcReport', 122, '[]', '{"hirarc_id":123}', 'http://isms2.anas/user/add-hirarc-details', '127.0.0.1', 'Mozilla/5.0 (Windows NT 10.0; Win64; x64) AppleWebKit/537.36 (KHTML, like Gecko) Chrome/124.0.0.0 Safari/537.36', NULL, '2024-05-13 22:40:20', '2024-05-13 22:40:20'),
	(156, 'App\\Models\\User', 2, 'created', 'App\\Models\\Hirarc', 124, '[]', '{"prepared_by_signature":"\\/storage\\/signatures\\/preparedby\\/signature_prepared_by1715611325.png","desc_job":"2","location":"2","prepared_by":"AnasSV","inspection_date":"2024-05-08","updated_at":"2024-05-13 22:42:05","created_at":"2024-05-13 22:42:05","hirarc_id":124}', 'http://isms2.anas/user/add-hirarc-details', '127.0.0.1', 'Mozilla/5.0 (Windows NT 10.0; Win64; x64) AppleWebKit/537.36 (KHTML, like Gecko) Chrome/124.0.0.0 Safari/537.36', NULL, '2024-05-13 22:42:05', '2024-05-13 22:42:05'),
	(157, 'App\\Models\\User', 2, 'created', 'App\\Models\\HirarcReport', 123, '[]', '{"hirarc_id":124}', 'http://isms2.anas/user/add-hirarc-details', '127.0.0.1', 'Mozilla/5.0 (Windows NT 10.0; Win64; x64) AppleWebKit/537.36 (KHTML, like Gecko) Chrome/124.0.0.0 Safari/537.36', NULL, '2024-05-13 22:42:05', '2024-05-13 22:42:05'),
	(158, 'App\\Models\\User', 2, 'created', 'App\\Models\\Hirarc', 125, '[]', '{"prepared_by_signature":"\\/storage\\/signatures\\/preparedby\\/signature_prepared_by1715611445.png","desc_job":"2","location":"2","prepared_by":"AnasSV","inspection_date":"2024-05-08","updated_at":"2024-05-13 22:44:05","created_at":"2024-05-13 22:44:05","hirarc_id":125}', 'http://isms2.anas/user/add-hirarc-details', '127.0.0.1', 'Mozilla/5.0 (Windows NT 10.0; Win64; x64) AppleWebKit/537.36 (KHTML, like Gecko) Chrome/124.0.0.0 Safari/537.36', NULL, '2024-05-13 22:44:05', '2024-05-13 22:44:05'),
	(159, 'App\\Models\\User', 2, 'created', 'App\\Models\\HirarcReport', 124, '[]', '{"hirarc_id":125}', 'http://isms2.anas/user/add-hirarc-details', '127.0.0.1', 'Mozilla/5.0 (Windows NT 10.0; Win64; x64) AppleWebKit/537.36 (KHTML, like Gecko) Chrome/124.0.0.0 Safari/537.36', NULL, '2024-05-13 22:44:05', '2024-05-13 22:44:05'),
	(160, 'App\\Models\\User', 2, 'created', 'App\\Models\\Hirarc', 126, '[]', '{"prepared_by_signature":"\\/storage\\/signatures\\/preparedby\\/signature_prepared_by1715611751.png","desc_job":"2","location":"2","prepared_by":"AnasSV","inspection_date":"2024-05-08","updated_at":"2024-05-13 22:49:11","created_at":"2024-05-13 22:49:11","hirarc_id":126}', 'http://isms2.anas/user/add-hirarc-details', '127.0.0.1', 'Mozilla/5.0 (Windows NT 10.0; Win64; x64) AppleWebKit/537.36 (KHTML, like Gecko) Chrome/124.0.0.0 Safari/537.36', NULL, '2024-05-13 22:49:11', '2024-05-13 22:49:11'),
	(161, 'App\\Models\\User', 2, 'created', 'App\\Models\\HirarcReport', 125, '[]', '{"hirarc_id":126}', 'http://isms2.anas/user/add-hirarc-details', '127.0.0.1', 'Mozilla/5.0 (Windows NT 10.0; Win64; x64) AppleWebKit/537.36 (KHTML, like Gecko) Chrome/124.0.0.0 Safari/537.36', NULL, '2024-05-13 22:49:11', '2024-05-13 22:49:11'),
	(162, 'App\\Models\\User', 2, 'created', 'App\\Models\\Hirarc', 127, '[]', '{"prepared_by_signature":"\\/storage\\/signatures\\/preparedby\\/signature_prepared_by1715611797.png","desc_job":"2","location":"2","prepared_by":"AnasSV","inspection_date":"2024-05-08","updated_at":"2024-05-13 22:49:57","created_at":"2024-05-13 22:49:57","hirarc_id":127}', 'http://isms2.anas/user/add-hirarc-details', '127.0.0.1', 'Mozilla/5.0 (Windows NT 10.0; Win64; x64) AppleWebKit/537.36 (KHTML, like Gecko) Chrome/124.0.0.0 Safari/537.36', NULL, '2024-05-13 22:49:57', '2024-05-13 22:49:57'),
	(163, 'App\\Models\\User', 2, 'created', 'App\\Models\\HirarcReport', 126, '[]', '{"hirarc_id":127}', 'http://isms2.anas/user/add-hirarc-details', '127.0.0.1', 'Mozilla/5.0 (Windows NT 10.0; Win64; x64) AppleWebKit/537.36 (KHTML, like Gecko) Chrome/124.0.0.0 Safari/537.36', NULL, '2024-05-13 22:49:57', '2024-05-13 22:49:57'),
	(164, 'App\\Models\\User', 2, 'created', 'App\\Models\\Hirarc', 128, '[]', '{"prepared_by_signature":"\\/storage\\/signatures\\/preparedby\\/signature_prepared_by1715611851.png","desc_job":"2","location":"2","prepared_by":"AnasSV","inspection_date":"2024-05-08","updated_at":"2024-05-13 22:50:51","created_at":"2024-05-13 22:50:51","hirarc_id":128}', 'http://isms2.anas/user/add-hirarc-details', '127.0.0.1', 'Mozilla/5.0 (Windows NT 10.0; Win64; x64) AppleWebKit/537.36 (KHTML, like Gecko) Chrome/124.0.0.0 Safari/537.36', NULL, '2024-05-13 22:50:51', '2024-05-13 22:50:51'),
	(165, 'App\\Models\\User', 2, 'created', 'App\\Models\\HirarcReport', 127, '[]', '{"hirarc_id":128}', 'http://isms2.anas/user/add-hirarc-details', '127.0.0.1', 'Mozilla/5.0 (Windows NT 10.0; Win64; x64) AppleWebKit/537.36 (KHTML, like Gecko) Chrome/124.0.0.0 Safari/537.36', NULL, '2024-05-13 22:50:51', '2024-05-13 22:50:51'),
	(166, 'App\\Models\\User', 5, 'deleted', 'App\\Models\\HirarcReport', 127, '{"tpage_id":null,"hirarc_id":128}', '[]', 'http://isms2.anas/user/delete-hirarc/128', '127.0.0.1', 'Mozilla/5.0 (Windows NT 10.0; Win64; x64; rv:125.0) Gecko/20100101 Firefox/125.0', NULL, '2024-05-13 22:53:39', '2024-05-13 22:53:39'),
	(167, 'App\\Models\\User', 5, 'deleted', 'App\\Models\\Hirarc', 128, '{"hirarc_id":128,"desc_job":"2","location":"2","prepared_by":"AnasSV","created_at":"2024-05-13 22:50:51","updated_at":"2024-05-13 22:50:51","inspection_date":"2024-05-08","prepared_by_signature":"\\/storage\\/signatures\\/preparedby\\/signature_prepared_by1715611851.png"}', '[]', 'http://isms2.anas/user/delete-hirarc/128', '127.0.0.1', 'Mozilla/5.0 (Windows NT 10.0; Win64; x64; rv:125.0) Gecko/20100101 Firefox/125.0', NULL, '2024-05-13 22:53:39', '2024-05-13 22:53:39'),
	(168, 'App\\Models\\User', 5, 'deleted', 'App\\Models\\HirarcReport', 126, '{"tpage_id":null,"hirarc_id":127}', '[]', 'http://isms2.anas/user/delete-hirarc/127', '127.0.0.1', 'Mozilla/5.0 (Windows NT 10.0; Win64; x64; rv:125.0) Gecko/20100101 Firefox/125.0', NULL, '2024-05-13 22:53:43', '2024-05-13 22:53:43'),
	(169, 'App\\Models\\User', 5, 'deleted', 'App\\Models\\Hirarc', 127, '{"hirarc_id":127,"desc_job":"2","location":"2","prepared_by":"AnasSV","created_at":"2024-05-13 22:49:57","updated_at":"2024-05-13 22:49:57","inspection_date":"2024-05-08","prepared_by_signature":"\\/storage\\/signatures\\/preparedby\\/signature_prepared_by1715611797.png"}', '[]', 'http://isms2.anas/user/delete-hirarc/127', '127.0.0.1', 'Mozilla/5.0 (Windows NT 10.0; Win64; x64; rv:125.0) Gecko/20100101 Firefox/125.0', NULL, '2024-05-13 22:53:43', '2024-05-13 22:53:43'),
	(170, 'App\\Models\\User', 5, 'deleted', 'App\\Models\\HirarcReport', 125, '{"tpage_id":null,"hirarc_id":126}', '[]', 'http://isms2.anas/user/delete-hirarc/126', '127.0.0.1', 'Mozilla/5.0 (Windows NT 10.0; Win64; x64; rv:125.0) Gecko/20100101 Firefox/125.0', NULL, '2024-05-13 22:53:47', '2024-05-13 22:53:47'),
	(171, 'App\\Models\\User', 5, 'deleted', 'App\\Models\\Hirarc', 126, '{"hirarc_id":126,"desc_job":"2","location":"2","prepared_by":"AnasSV","created_at":"2024-05-13 22:49:11","updated_at":"2024-05-13 22:49:11","inspection_date":"2024-05-08","prepared_by_signature":"\\/storage\\/signatures\\/preparedby\\/signature_prepared_by1715611751.png"}', '[]', 'http://isms2.anas/user/delete-hirarc/126', '127.0.0.1', 'Mozilla/5.0 (Windows NT 10.0; Win64; x64; rv:125.0) Gecko/20100101 Firefox/125.0', NULL, '2024-05-13 22:53:47', '2024-05-13 22:53:47'),
	(172, 'App\\Models\\User', 5, 'deleted', 'App\\Models\\HirarcReport', 124, '{"tpage_id":null,"hirarc_id":125}', '[]', 'http://isms2.anas/user/delete-hirarc/125', '127.0.0.1', 'Mozilla/5.0 (Windows NT 10.0; Win64; x64; rv:125.0) Gecko/20100101 Firefox/125.0', NULL, '2024-05-13 22:53:50', '2024-05-13 22:53:50'),
	(173, 'App\\Models\\User', 5, 'deleted', 'App\\Models\\Hirarc', 125, '{"hirarc_id":125,"desc_job":"2","location":"2","prepared_by":"AnasSV","created_at":"2024-05-13 22:44:05","updated_at":"2024-05-13 22:44:05","inspection_date":"2024-05-08","prepared_by_signature":"\\/storage\\/signatures\\/preparedby\\/signature_prepared_by1715611445.png"}', '[]', 'http://isms2.anas/user/delete-hirarc/125', '127.0.0.1', 'Mozilla/5.0 (Windows NT 10.0; Win64; x64; rv:125.0) Gecko/20100101 Firefox/125.0', NULL, '2024-05-13 22:53:50', '2024-05-13 22:53:50'),
	(174, 'App\\Models\\User', 5, 'deleted', 'App\\Models\\HirarcReport', 123, '{"tpage_id":null,"hirarc_id":124}', '[]', 'http://isms2.anas/user/delete-hirarc/124', '127.0.0.1', 'Mozilla/5.0 (Windows NT 10.0; Win64; x64; rv:125.0) Gecko/20100101 Firefox/125.0', NULL, '2024-05-13 22:53:54', '2024-05-13 22:53:54'),
	(175, 'App\\Models\\User', 5, 'deleted', 'App\\Models\\Hirarc', 124, '{"hirarc_id":124,"desc_job":"2","location":"2","prepared_by":"AnasSV","created_at":"2024-05-13 22:42:05","updated_at":"2024-05-13 22:42:05","inspection_date":"2024-05-08","prepared_by_signature":"\\/storage\\/signatures\\/preparedby\\/signature_prepared_by1715611325.png"}', '[]', 'http://isms2.anas/user/delete-hirarc/124', '127.0.0.1', 'Mozilla/5.0 (Windows NT 10.0; Win64; x64; rv:125.0) Gecko/20100101 Firefox/125.0', NULL, '2024-05-13 22:53:54', '2024-05-13 22:53:54'),
	(176, 'App\\Models\\User', 5, 'deleted', 'App\\Models\\HirarcReport', 122, '{"tpage_id":null,"hirarc_id":123}', '[]', 'http://isms2.anas/user/delete-hirarc/123', '127.0.0.1', 'Mozilla/5.0 (Windows NT 10.0; Win64; x64; rv:125.0) Gecko/20100101 Firefox/125.0', NULL, '2024-05-13 22:53:57', '2024-05-13 22:53:57'),
	(177, 'App\\Models\\User', 5, 'deleted', 'App\\Models\\Hirarc', 123, '{"hirarc_id":123,"desc_job":"2","location":"2","prepared_by":"AnasSV","created_at":"2024-05-13 22:40:20","updated_at":"2024-05-13 22:40:20","inspection_date":"2024-05-08","prepared_by_signature":"\\/storage\\/signatures\\/preparedby\\/signature_prepared_by1715611220.png"}', '[]', 'http://isms2.anas/user/delete-hirarc/123', '127.0.0.1', 'Mozilla/5.0 (Windows NT 10.0; Win64; x64; rv:125.0) Gecko/20100101 Firefox/125.0', NULL, '2024-05-13 22:53:57', '2024-05-13 22:53:57'),
	(178, 'App\\Models\\User', 5, 'deleted', 'App\\Models\\HirarcReport', 121, '{"tpage_id":null,"hirarc_id":122}', '[]', 'http://isms2.anas/user/delete-hirarc/122', '127.0.0.1', 'Mozilla/5.0 (Windows NT 10.0; Win64; x64; rv:125.0) Gecko/20100101 Firefox/125.0', NULL, '2024-05-13 22:54:02', '2024-05-13 22:54:02'),
	(179, 'App\\Models\\User', 5, 'deleted', 'App\\Models\\Hirarc', 122, '{"hirarc_id":122,"desc_job":"2","location":"2","prepared_by":"AnasSV","created_at":"2024-05-13 22:38:40","updated_at":"2024-05-13 22:38:40","inspection_date":"2024-05-08","prepared_by_signature":"\\/storage\\/signatures\\/preparedby\\/signature_prepared_by1715611120.png"}', '[]', 'http://isms2.anas/user/delete-hirarc/122', '127.0.0.1', 'Mozilla/5.0 (Windows NT 10.0; Win64; x64; rv:125.0) Gecko/20100101 Firefox/125.0', NULL, '2024-05-13 22:54:02', '2024-05-13 22:54:02'),
	(180, 'App\\Models\\User', 5, 'deleted', 'App\\Models\\HirarcReport', 120, '{"tpage_id":null,"hirarc_id":121}', '[]', 'http://isms2.anas/user/delete-hirarc/121', '127.0.0.1', 'Mozilla/5.0 (Windows NT 10.0; Win64; x64; rv:125.0) Gecko/20100101 Firefox/125.0', NULL, '2024-05-13 22:54:05', '2024-05-13 22:54:05'),
	(181, 'App\\Models\\User', 5, 'deleted', 'App\\Models\\Hirarc', 121, '{"hirarc_id":121,"desc_job":"2","location":"2","prepared_by":"AnasSV","created_at":"2024-05-13 21:27:13","updated_at":"2024-05-13 21:27:13","inspection_date":"2024-05-08","prepared_by_signature":"\\/storage\\/signatures\\/preparedby\\/signature_prepared_by1715606833.png"}', '[]', 'http://isms2.anas/user/delete-hirarc/121', '127.0.0.1', 'Mozilla/5.0 (Windows NT 10.0; Win64; x64; rv:125.0) Gecko/20100101 Firefox/125.0', NULL, '2024-05-13 22:54:05', '2024-05-13 22:54:05'),
	(182, 'App\\Models\\User', 2, 'created', 'App\\Models\\Hirarc', 129, '[]', '{"prepared_by_signature":"\\/storage\\/signatures\\/preparedby\\/signature_prepared_by1715612129.png","desc_job":"2","location":"2","prepared_by":"AnasSV","inspection_date":"2024-05-08","updated_at":"2024-05-13 22:55:29","created_at":"2024-05-13 22:55:29","hirarc_id":129}', 'http://isms2.anas/user/add-hirarc-details', '127.0.0.1', 'Mozilla/5.0 (Windows NT 10.0; Win64; x64) AppleWebKit/537.36 (KHTML, like Gecko) Chrome/124.0.0.0 Safari/537.36', NULL, '2024-05-13 22:55:29', '2024-05-13 22:55:29'),
	(183, 'App\\Models\\User', 2, 'created', 'App\\Models\\HirarcReport', 128, '[]', '{"hirarc_id":129}', 'http://isms2.anas/user/add-hirarc-details', '127.0.0.1', 'Mozilla/5.0 (Windows NT 10.0; Win64; x64) AppleWebKit/537.36 (KHTML, like Gecko) Chrome/124.0.0.0 Safari/537.36', NULL, '2024-05-13 22:55:29', '2024-05-13 22:55:29'),
	(184, 'App\\Models\\User', 2, 'created', 'App\\Models\\Hirarc', 130, '[]', '{"prepared_by_signature":"\\/storage\\/signatures\\/preparedby\\/signature_prepared_by1715612393.png","desc_job":"2","location":"2","prepared_by":"AnasSV","inspection_date":"2024-05-08","updated_at":"2024-05-13 22:59:53","created_at":"2024-05-13 22:59:53","hirarc_id":130}', 'http://isms2.anas/user/add-hirarc-details', '127.0.0.1', 'Mozilla/5.0 (Windows NT 10.0; Win64; x64) AppleWebKit/537.36 (KHTML, like Gecko) Chrome/124.0.0.0 Safari/537.36', NULL, '2024-05-13 22:59:53', '2024-05-13 22:59:53'),
	(185, 'App\\Models\\User', 2, 'created', 'App\\Models\\HirarcReport', 129, '[]', '{"hirarc_id":130}', 'http://isms2.anas/user/add-hirarc-details', '127.0.0.1', 'Mozilla/5.0 (Windows NT 10.0; Win64; x64) AppleWebKit/537.36 (KHTML, like Gecko) Chrome/124.0.0.0 Safari/537.36', NULL, '2024-05-13 22:59:53', '2024-05-13 22:59:53'),
	(186, 'App\\Models\\User', 2, 'created', 'App\\Models\\Hirarc', 131, '[]', '{"prepared_by_signature":"\\/storage\\/signatures\\/preparedby\\/signature_prepared_by1715612443.png","desc_job":"2","location":"2","prepared_by":"AnasSV","inspection_date":"2024-05-08","updated_at":"2024-05-13 23:00:43","created_at":"2024-05-13 23:00:43","hirarc_id":131}', 'http://isms2.anas/user/add-hirarc-details', '127.0.0.1', 'Mozilla/5.0 (Windows NT 10.0; Win64; x64) AppleWebKit/537.36 (KHTML, like Gecko) Chrome/124.0.0.0 Safari/537.36', NULL, '2024-05-13 23:00:43', '2024-05-13 23:00:43'),
	(187, 'App\\Models\\User', 2, 'created', 'App\\Models\\HirarcReport', 130, '[]', '{"hirarc_id":131}', 'http://isms2.anas/user/add-hirarc-details', '127.0.0.1', 'Mozilla/5.0 (Windows NT 10.0; Win64; x64) AppleWebKit/537.36 (KHTML, like Gecko) Chrome/124.0.0.0 Safari/537.36', NULL, '2024-05-13 23:00:43', '2024-05-13 23:00:43'),
	(188, 'App\\Models\\User', 2, 'created', 'App\\Models\\Hirarc', 132, '[]', '{"prepared_by_signature":"\\/storage\\/signatures\\/preparedby\\/signature_prepared_by1715612486.png","desc_job":"2","location":"2","prepared_by":"AnasSV","inspection_date":"2024-05-08","updated_at":"2024-05-13 23:01:26","created_at":"2024-05-13 23:01:26","hirarc_id":132}', 'http://isms2.anas/user/add-hirarc-details', '127.0.0.1', 'Mozilla/5.0 (Windows NT 10.0; Win64; x64) AppleWebKit/537.36 (KHTML, like Gecko) Chrome/124.0.0.0 Safari/537.36', NULL, '2024-05-13 23:01:26', '2024-05-13 23:01:26'),
	(189, 'App\\Models\\User', 2, 'created', 'App\\Models\\HirarcReport', 131, '[]', '{"hirarc_id":132}', 'http://isms2.anas/user/add-hirarc-details', '127.0.0.1', 'Mozilla/5.0 (Windows NT 10.0; Win64; x64) AppleWebKit/537.36 (KHTML, like Gecko) Chrome/124.0.0.0 Safari/537.36', NULL, '2024-05-13 23:01:26', '2024-05-13 23:01:26'),
	(190, 'App\\Models\\User', 2, 'created', 'App\\Models\\Hirarc', 133, '[]', '{"prepared_by_signature":"\\/storage\\/signatures\\/preparedby\\/signature_prepared_by1715612529.png","desc_job":"2","location":"2","prepared_by":"AnasSV","inspection_date":"2024-05-08","updated_at":"2024-05-13 23:02:09","created_at":"2024-05-13 23:02:09","hirarc_id":133}', 'http://isms2.anas/user/add-hirarc-details', '127.0.0.1', 'Mozilla/5.0 (Windows NT 10.0; Win64; x64) AppleWebKit/537.36 (KHTML, like Gecko) Chrome/124.0.0.0 Safari/537.36', NULL, '2024-05-13 23:02:09', '2024-05-13 23:02:09'),
	(191, 'App\\Models\\User', 2, 'created', 'App\\Models\\HirarcReport', 132, '[]', '{"hirarc_id":133}', 'http://isms2.anas/user/add-hirarc-details', '127.0.0.1', 'Mozilla/5.0 (Windows NT 10.0; Win64; x64) AppleWebKit/537.36 (KHTML, like Gecko) Chrome/124.0.0.0 Safari/537.36', NULL, '2024-05-13 23:02:09', '2024-05-13 23:02:09'),
	(192, 'App\\Models\\User', 3, 'created', 'App\\Models\\Hirarc', 134, '[]', '{"prepared_by_signature":"\\/storage\\/signatures\\/usersignature\\/signature_verifiedby3.png","desc_job":"1231","location":"12312","prepared_by":"AnasPM","inspection_date":"2024-05-16","updated_at":"2024-05-15 10:15:01","created_at":"2024-05-15 10:15:01","hirarc_id":134}', 'http://isms2.anas/user/add-hirarc-details', '127.0.0.1', 'Mozilla/5.0 (Windows NT 10.0; Win64; x64) AppleWebKit/537.36 (KHTML, like Gecko) Chrome/124.0.0.0 Safari/537.36', NULL, '2024-05-15 10:15:01', '2024-05-15 10:15:01'),
	(193, 'App\\Models\\User', 3, 'created', 'App\\Models\\HirarcReport', 133, '[]', '{"hirarc_id":134}', 'http://isms2.anas/user/add-hirarc-details', '127.0.0.1', 'Mozilla/5.0 (Windows NT 10.0; Win64; x64) AppleWebKit/537.36 (KHTML, like Gecko) Chrome/124.0.0.0 Safari/537.36', NULL, '2024-05-15 10:15:01', '2024-05-15 10:15:01'),
	(194, 'App\\Models\\User', 3, 'updated', 'App\\Models\\Hirarc', 134, '{"desc_job":"1231","updated_at":"2024-05-15 10:15:01","inspection_date":"2024-05-16"}', '{"desc_job":"1","updated_at":"2024-05-15 10:16:09","inspection_date":"2024-05-17"}', 'http://isms2.anas/user/edit-hirarc-items/134', '127.0.0.1', 'Mozilla/5.0 (Windows NT 10.0; Win64; x64) AppleWebKit/537.36 (KHTML, like Gecko) Chrome/124.0.0.0 Safari/537.36', NULL, '2024-05-15 10:16:09', '2024-05-15 10:16:09'),
	(195, 'App\\Models\\User', 3, 'created', 'App\\Models\\Hazard', 110, '[]', '{"job_sequence":"12","hazard":"12","can_cause":"12","hirarc_id":"134","hazard_id":110}', 'http://isms2.anas/user/add-hazard-details', '127.0.0.1', 'Mozilla/5.0 (Windows NT 10.0; Win64; x64) AppleWebKit/537.36 (KHTML, like Gecko) Chrome/124.0.0.0 Safari/537.36', NULL, '2024-05-15 10:16:30', '2024-05-15 10:16:30'),
	(196, 'App\\Models\\User', 3, 'created', 'App\\Models\\Risks', 95, '[]', '{"risk_desc":"2","current_control":"2","likelihood":"2","severity":"2","score":"4","index":"L","hazard_id":"110","hirarc_id":134}', 'http://isms2.anas/user/edit-risk-items/134', '127.0.0.1', 'Mozilla/5.0 (Windows NT 10.0; Win64; x64) AppleWebKit/537.36 (KHTML, like Gecko) Chrome/124.0.0.0 Safari/537.36', NULL, '2024-05-15 10:18:02', '2024-05-15 10:18:02'),
	(197, 'App\\Models\\User', 3, 'created', 'App\\Models\\Hazard', 111, '[]', '{"job_sequence":"3","hazard":"3","can_cause":"3","hirarc_id":134,"hazard_id":111}', 'http://isms2.anas/user/edit-hazard-items/134', '127.0.0.1', 'Mozilla/5.0 (Windows NT 10.0; Win64; x64) AppleWebKit/537.36 (KHTML, like Gecko) Chrome/124.0.0.0 Safari/537.36', NULL, '2024-05-15 10:18:27', '2024-05-15 10:18:27'),
	(198, 'App\\Models\\User', 3, 'deleted', 'App\\Models\\Hazard', 111, '{"hazard_id":111,"job_sequence":"3","hazard":"3","can_cause":"3","hirarc_id":134}', '[]', 'http://isms2.anas/user/edit-hazard-items/134', '127.0.0.1', 'Mozilla/5.0 (Windows NT 10.0; Win64; x64) AppleWebKit/537.36 (KHTML, like Gecko) Chrome/124.0.0.0 Safari/537.36', NULL, '2024-05-15 10:18:40', '2024-05-15 10:18:40'),
	(199, 'App\\Models\\User', 5, 'created', 'App\\Models\\Hirarc', 135, '[]', '{"prepared_by_signature":"\\/storage\\/signatures\\/preparedby\\/signature_prepared_by1715741005.png","desc_job":"132","location":"2313","prepared_by":"AnasSHO","inspection_date":"2024-05-03","updated_at":"2024-05-15 10:43:25","created_at":"2024-05-15 10:43:25","hirarc_id":135}', 'http://isms2.anas/user/add-hirarc-details', '127.0.0.1', 'Mozilla/5.0 (Windows NT 10.0; Win64; x64; rv:125.0) Gecko/20100101 Firefox/125.0', NULL, '2024-05-15 10:43:25', '2024-05-15 10:43:25'),
	(200, 'App\\Models\\User', 5, 'created', 'App\\Models\\HirarcReport', 134, '[]', '{"hirarc_id":135}', 'http://isms2.anas/user/add-hirarc-details', '127.0.0.1', 'Mozilla/5.0 (Windows NT 10.0; Win64; x64; rv:125.0) Gecko/20100101 Firefox/125.0', NULL, '2024-05-15 10:43:25', '2024-05-15 10:43:25'),
	(201, 'App\\Models\\User', 5, 'updated', 'App\\Models\\HirarcReport', 83, '{"tpage_id":null}', '{"tpage_id":38}', 'http://isms2.anas/user/hirarc-form-verify-with-signature', '127.0.0.1', 'Mozilla/5.0 (Windows NT 10.0; Win64; x64) AppleWebKit/537.36 (KHTML, like Gecko) Chrome/124.0.0.0 Safari/537.36', NULL, '2024-05-18 03:20:33', '2024-05-18 03:20:33'),
	(202, 'App\\Models\\User', 5, 'deleted', 'App\\Models\\HirarcReport', 134, '{"tpage_id":null,"hirarc_id":135}', '[]', 'http://isms2.anas/user/delete-hirarc/135', '127.0.0.1', 'Mozilla/5.0 (Windows NT 10.0; Win64; x64) AppleWebKit/537.36 (KHTML, like Gecko) Chrome/124.0.0.0 Safari/537.36', NULL, '2024-05-23 03:34:27', '2024-05-23 03:34:27'),
	(203, 'App\\Models\\User', 5, 'deleted', 'App\\Models\\Hirarc', 135, '{"hirarc_id":135,"desc_job":"132","location":"2313","prepared_by":"AnasSHO","created_at":"2024-05-15 10:43:25","updated_at":"2024-05-15 10:43:25","inspection_date":"2024-05-03","prepared_by_signature":"\\/storage\\/signatures\\/preparedby\\/signature_prepared_by1715741005.png"}', '[]', 'http://isms2.anas/user/delete-hirarc/135', '127.0.0.1', 'Mozilla/5.0 (Windows NT 10.0; Win64; x64) AppleWebKit/537.36 (KHTML, like Gecko) Chrome/124.0.0.0 Safari/537.36', NULL, '2024-05-23 03:34:27', '2024-05-23 03:34:27'),
	(204, 'App\\Models\\User', 5, 'deleted', 'App\\Models\\HirarcReport', 133, '{"tpage_id":null,"hirarc_id":134}', '[]', 'http://isms2.anas/user/delete-hirarc/134', '127.0.0.1', 'Mozilla/5.0 (Windows NT 10.0; Win64; x64) AppleWebKit/537.36 (KHTML, like Gecko) Chrome/124.0.0.0 Safari/537.36', NULL, '2024-05-23 03:34:31', '2024-05-23 03:34:31'),
	(205, 'App\\Models\\User', 5, 'deleted', 'App\\Models\\Hirarc', 134, '{"hirarc_id":134,"desc_job":"1","location":"12312","prepared_by":"AnasPM","created_at":"2024-05-15 10:15:01","updated_at":"2024-05-15 10:16:09","inspection_date":"2024-05-17","prepared_by_signature":"\\/storage\\/signatures\\/usersignature\\/signature_verifiedby3.png"}', '[]', 'http://isms2.anas/user/delete-hirarc/134', '127.0.0.1', 'Mozilla/5.0 (Windows NT 10.0; Win64; x64) AppleWebKit/537.36 (KHTML, like Gecko) Chrome/124.0.0.0 Safari/537.36', NULL, '2024-05-23 03:34:31', '2024-05-23 03:34:31'),
	(206, 'App\\Models\\User', 5, 'deleted', 'App\\Models\\HirarcReport', 132, '{"tpage_id":null,"hirarc_id":133}', '[]', 'http://isms2.anas/user/delete-hirarc/133', '127.0.0.1', 'Mozilla/5.0 (Windows NT 10.0; Win64; x64) AppleWebKit/537.36 (KHTML, like Gecko) Chrome/124.0.0.0 Safari/537.36', NULL, '2024-05-23 03:34:34', '2024-05-23 03:34:34'),
	(207, 'App\\Models\\User', 5, 'deleted', 'App\\Models\\Hirarc', 133, '{"hirarc_id":133,"desc_job":"2","location":"2","prepared_by":"AnasSV","created_at":"2024-05-13 23:02:09","updated_at":"2024-05-13 23:02:09","inspection_date":"2024-05-08","prepared_by_signature":"\\/storage\\/signatures\\/preparedby\\/signature_prepared_by1715612529.png"}', '[]', 'http://isms2.anas/user/delete-hirarc/133', '127.0.0.1', 'Mozilla/5.0 (Windows NT 10.0; Win64; x64) AppleWebKit/537.36 (KHTML, like Gecko) Chrome/124.0.0.0 Safari/537.36', NULL, '2024-05-23 03:34:34', '2024-05-23 03:34:34'),
	(208, 'App\\Models\\User', 5, 'deleted', 'App\\Models\\HirarcReport', 131, '{"tpage_id":null,"hirarc_id":132}', '[]', 'http://isms2.anas/user/delete-hirarc/132', '127.0.0.1', 'Mozilla/5.0 (Windows NT 10.0; Win64; x64) AppleWebKit/537.36 (KHTML, like Gecko) Chrome/124.0.0.0 Safari/537.36', NULL, '2024-05-23 03:34:38', '2024-05-23 03:34:38'),
	(209, 'App\\Models\\User', 5, 'deleted', 'App\\Models\\Hirarc', 132, '{"hirarc_id":132,"desc_job":"2","location":"2","prepared_by":"AnasSV","created_at":"2024-05-13 23:01:26","updated_at":"2024-05-13 23:01:26","inspection_date":"2024-05-08","prepared_by_signature":"\\/storage\\/signatures\\/preparedby\\/signature_prepared_by1715612486.png"}', '[]', 'http://isms2.anas/user/delete-hirarc/132', '127.0.0.1', 'Mozilla/5.0 (Windows NT 10.0; Win64; x64) AppleWebKit/537.36 (KHTML, like Gecko) Chrome/124.0.0.0 Safari/537.36', NULL, '2024-05-23 03:34:38', '2024-05-23 03:34:38'),
	(210, 'App\\Models\\User', 5, 'deleted', 'App\\Models\\HirarcReport', 130, '{"tpage_id":null,"hirarc_id":131}', '[]', 'http://isms2.anas/user/delete-hirarc/131', '127.0.0.1', 'Mozilla/5.0 (Windows NT 10.0; Win64; x64) AppleWebKit/537.36 (KHTML, like Gecko) Chrome/124.0.0.0 Safari/537.36', NULL, '2024-05-23 03:34:41', '2024-05-23 03:34:41'),
	(211, 'App\\Models\\User', 5, 'deleted', 'App\\Models\\Hirarc', 131, '{"hirarc_id":131,"desc_job":"2","location":"2","prepared_by":"AnasSV","created_at":"2024-05-13 23:00:43","updated_at":"2024-05-13 23:00:43","inspection_date":"2024-05-08","prepared_by_signature":"\\/storage\\/signatures\\/preparedby\\/signature_prepared_by1715612443.png"}', '[]', 'http://isms2.anas/user/delete-hirarc/131', '127.0.0.1', 'Mozilla/5.0 (Windows NT 10.0; Win64; x64) AppleWebKit/537.36 (KHTML, like Gecko) Chrome/124.0.0.0 Safari/537.36', NULL, '2024-05-23 03:34:41', '2024-05-23 03:34:41'),
	(212, 'App\\Models\\User', 5, 'deleted', 'App\\Models\\HirarcReport', 129, '{"tpage_id":null,"hirarc_id":130}', '[]', 'http://isms2.anas/user/delete-hirarc/130', '127.0.0.1', 'Mozilla/5.0 (Windows NT 10.0; Win64; x64) AppleWebKit/537.36 (KHTML, like Gecko) Chrome/124.0.0.0 Safari/537.36', NULL, '2024-05-23 03:34:45', '2024-05-23 03:34:45'),
	(213, 'App\\Models\\User', 5, 'deleted', 'App\\Models\\Hirarc', 130, '{"hirarc_id":130,"desc_job":"2","location":"2","prepared_by":"AnasSV","created_at":"2024-05-13 22:59:53","updated_at":"2024-05-13 22:59:53","inspection_date":"2024-05-08","prepared_by_signature":"\\/storage\\/signatures\\/preparedby\\/signature_prepared_by1715612393.png"}', '[]', 'http://isms2.anas/user/delete-hirarc/130', '127.0.0.1', 'Mozilla/5.0 (Windows NT 10.0; Win64; x64) AppleWebKit/537.36 (KHTML, like Gecko) Chrome/124.0.0.0 Safari/537.36', NULL, '2024-05-23 03:34:45', '2024-05-23 03:34:45'),
	(214, 'App\\Models\\User', 5, 'deleted', 'App\\Models\\HirarcReport', 128, '{"tpage_id":null,"hirarc_id":129}', '[]', 'http://isms2.anas/user/delete-hirarc/129', '127.0.0.1', 'Mozilla/5.0 (Windows NT 10.0; Win64; x64) AppleWebKit/537.36 (KHTML, like Gecko) Chrome/124.0.0.0 Safari/537.36', NULL, '2024-05-23 03:34:49', '2024-05-23 03:34:49'),
	(215, 'App\\Models\\User', 5, 'deleted', 'App\\Models\\Hirarc', 129, '{"hirarc_id":129,"desc_job":"2","location":"2","prepared_by":"AnasSV","created_at":"2024-05-13 22:55:29","updated_at":"2024-05-13 22:55:29","inspection_date":"2024-05-08","prepared_by_signature":"\\/storage\\/signatures\\/preparedby\\/signature_prepared_by1715612129.png"}', '[]', 'http://isms2.anas/user/delete-hirarc/129', '127.0.0.1', 'Mozilla/5.0 (Windows NT 10.0; Win64; x64) AppleWebKit/537.36 (KHTML, like Gecko) Chrome/124.0.0.0 Safari/537.36', NULL, '2024-05-23 03:34:49', '2024-05-23 03:34:49'),
	(216, 'App\\Models\\User', 5, 'deleted', 'App\\Models\\HirarcReport', 97, '{"tpage_id":null,"hirarc_id":98}', '[]', 'http://isms2.anas/user/delete-hirarc/98', '127.0.0.1', 'Mozilla/5.0 (Windows NT 10.0; Win64; x64) AppleWebKit/537.36 (KHTML, like Gecko) Chrome/124.0.0.0 Safari/537.36', NULL, '2024-05-23 03:34:53', '2024-05-23 03:34:53'),
	(217, 'App\\Models\\User', 5, 'deleted', 'App\\Models\\Hirarc', 98, '{"hirarc_id":98,"desc_job":"1","location":"1","prepared_by":"AnasPM","created_at":"2024-05-12 00:17:55","updated_at":"2024-05-12 00:17:55","inspection_date":"2024-05-09","prepared_by_signature":"\\/storage\\/signatures\\/usersignature\\/signature_verifiedby3.png"}', '[]', 'http://isms2.anas/user/delete-hirarc/98', '127.0.0.1', 'Mozilla/5.0 (Windows NT 10.0; Win64; x64) AppleWebKit/537.36 (KHTML, like Gecko) Chrome/124.0.0.0 Safari/537.36', NULL, '2024-05-23 03:34:53', '2024-05-23 03:34:53'),
	(218, 'App\\Models\\User', 5, 'deleted', 'App\\Models\\HirarcReport', 119, '{"tpage_id":null,"hirarc_id":120}', '[]', 'http://isms2.anas/user/delete-hirarc/120', '127.0.0.1', 'Mozilla/5.0 (Windows NT 10.0; Win64; x64) AppleWebKit/537.36 (KHTML, like Gecko) Chrome/124.0.0.0 Safari/537.36', NULL, '2024-05-23 03:34:59', '2024-05-23 03:34:59'),
	(219, 'App\\Models\\User', 5, 'deleted', 'App\\Models\\Hirarc', 120, '{"hirarc_id":120,"desc_job":"2","location":"2","prepared_by":"AnasSV","created_at":"2024-05-13 21:24:19","updated_at":"2024-05-13 21:24:19","inspection_date":"2024-05-08","prepared_by_signature":"\\/storage\\/signatures\\/preparedby\\/signature_prepared_by1715606659.png"}', '[]', 'http://isms2.anas/user/delete-hirarc/120', '127.0.0.1', 'Mozilla/5.0 (Windows NT 10.0; Win64; x64) AppleWebKit/537.36 (KHTML, like Gecko) Chrome/124.0.0.0 Safari/537.36', NULL, '2024-05-23 03:34:59', '2024-05-23 03:34:59'),
	(220, 'App\\Models\\User', 5, 'deleted', 'App\\Models\\HirarcReport', 118, '{"tpage_id":null,"hirarc_id":119}', '[]', 'http://isms2.anas/user/delete-hirarc/119', '127.0.0.1', 'Mozilla/5.0 (Windows NT 10.0; Win64; x64) AppleWebKit/537.36 (KHTML, like Gecko) Chrome/124.0.0.0 Safari/537.36', NULL, '2024-05-23 03:35:02', '2024-05-23 03:35:02'),
	(221, 'App\\Models\\User', 5, 'deleted', 'App\\Models\\Hirarc', 119, '{"hirarc_id":119,"desc_job":"2","location":"2","prepared_by":"AnasSV","created_at":"2024-05-13 21:17:21","updated_at":"2024-05-13 21:17:21","inspection_date":"2024-05-08","prepared_by_signature":"\\/storage\\/signatures\\/preparedby\\/signature_prepared_by1715606241.png"}', '[]', 'http://isms2.anas/user/delete-hirarc/119', '127.0.0.1', 'Mozilla/5.0 (Windows NT 10.0; Win64; x64) AppleWebKit/537.36 (KHTML, like Gecko) Chrome/124.0.0.0 Safari/537.36', NULL, '2024-05-23 03:35:02', '2024-05-23 03:35:02'),
	(222, 'App\\Models\\User', 5, 'deleted', 'App\\Models\\HirarcReport', 117, '{"tpage_id":null,"hirarc_id":118}', '[]', 'http://isms2.anas/user/delete-hirarc/118', '127.0.0.1', 'Mozilla/5.0 (Windows NT 10.0; Win64; x64) AppleWebKit/537.36 (KHTML, like Gecko) Chrome/124.0.0.0 Safari/537.36', NULL, '2024-05-23 03:35:05', '2024-05-23 03:35:05'),
	(223, 'App\\Models\\User', 5, 'deleted', 'App\\Models\\Hirarc', 118, '{"hirarc_id":118,"desc_job":"2","location":"2","prepared_by":"AnasSV","created_at":"2024-05-13 21:14:14","updated_at":"2024-05-13 21:14:14","inspection_date":"2024-05-08","prepared_by_signature":"\\/storage\\/signatures\\/preparedby\\/signature_prepared_by1715606054.png"}', '[]', 'http://isms2.anas/user/delete-hirarc/118', '127.0.0.1', 'Mozilla/5.0 (Windows NT 10.0; Win64; x64) AppleWebKit/537.36 (KHTML, like Gecko) Chrome/124.0.0.0 Safari/537.36', NULL, '2024-05-23 03:35:05', '2024-05-23 03:35:05'),
	(224, 'App\\Models\\User', 5, 'deleted', 'App\\Models\\HirarcReport', 116, '{"tpage_id":null,"hirarc_id":117}', '[]', 'http://isms2.anas/user/delete-hirarc/117', '127.0.0.1', 'Mozilla/5.0 (Windows NT 10.0; Win64; x64) AppleWebKit/537.36 (KHTML, like Gecko) Chrome/124.0.0.0 Safari/537.36', NULL, '2024-05-23 03:35:09', '2024-05-23 03:35:09'),
	(225, 'App\\Models\\User', 5, 'deleted', 'App\\Models\\Hirarc', 117, '{"hirarc_id":117,"desc_job":"2","location":"2","prepared_by":"AnasSV","created_at":"2024-05-13 21:10:17","updated_at":"2024-05-13 21:10:17","inspection_date":"2024-05-08","prepared_by_signature":"\\/storage\\/signatures\\/preparedby\\/signature_prepared_by1715605817.png"}', '[]', 'http://isms2.anas/user/delete-hirarc/117', '127.0.0.1', 'Mozilla/5.0 (Windows NT 10.0; Win64; x64) AppleWebKit/537.36 (KHTML, like Gecko) Chrome/124.0.0.0 Safari/537.36', NULL, '2024-05-23 03:35:09', '2024-05-23 03:35:09'),
	(226, 'App\\Models\\User', 5, 'deleted', 'App\\Models\\HirarcReport', 115, '{"tpage_id":null,"hirarc_id":116}', '[]', 'http://isms2.anas/user/delete-hirarc/116', '127.0.0.1', 'Mozilla/5.0 (Windows NT 10.0; Win64; x64) AppleWebKit/537.36 (KHTML, like Gecko) Chrome/124.0.0.0 Safari/537.36', NULL, '2024-05-23 03:35:12', '2024-05-23 03:35:12'),
	(227, 'App\\Models\\User', 5, 'deleted', 'App\\Models\\Hirarc', 116, '{"hirarc_id":116,"desc_job":"2","location":"2","prepared_by":"AnasSV","created_at":"2024-05-13 21:10:02","updated_at":"2024-05-13 21:10:02","inspection_date":"2024-05-08","prepared_by_signature":"\\/storage\\/signatures\\/preparedby\\/signature_prepared_by1715605802.png"}', '[]', 'http://isms2.anas/user/delete-hirarc/116', '127.0.0.1', 'Mozilla/5.0 (Windows NT 10.0; Win64; x64) AppleWebKit/537.36 (KHTML, like Gecko) Chrome/124.0.0.0 Safari/537.36', NULL, '2024-05-23 03:35:12', '2024-05-23 03:35:12'),
	(228, 'App\\Models\\User', 5, 'deleted', 'App\\Models\\HirarcReport', 114, '{"tpage_id":null,"hirarc_id":115}', '[]', 'http://isms2.anas/user/delete-hirarc/115', '127.0.0.1', 'Mozilla/5.0 (Windows NT 10.0; Win64; x64) AppleWebKit/537.36 (KHTML, like Gecko) Chrome/124.0.0.0 Safari/537.36', NULL, '2024-05-23 03:35:15', '2024-05-23 03:35:15'),
	(229, 'App\\Models\\User', 5, 'deleted', 'App\\Models\\Hirarc', 115, '{"hirarc_id":115,"desc_job":"2","location":"2","prepared_by":"AnasSV","created_at":"2024-05-13 21:09:28","updated_at":"2024-05-13 21:09:28","inspection_date":"2024-05-08","prepared_by_signature":"\\/storage\\/signatures\\/preparedby\\/signature_prepared_by1715605768.png"}', '[]', 'http://isms2.anas/user/delete-hirarc/115', '127.0.0.1', 'Mozilla/5.0 (Windows NT 10.0; Win64; x64) AppleWebKit/537.36 (KHTML, like Gecko) Chrome/124.0.0.0 Safari/537.36', NULL, '2024-05-23 03:35:15', '2024-05-23 03:35:15'),
	(230, 'App\\Models\\User', 5, 'deleted', 'App\\Models\\HirarcReport', 106, '{"tpage_id":null,"hirarc_id":107}', '[]', 'http://isms2.anas/user/delete-hirarc/107', '127.0.0.1', 'Mozilla/5.0 (Windows NT 10.0; Win64; x64) AppleWebKit/537.36 (KHTML, like Gecko) Chrome/124.0.0.0 Safari/537.36', NULL, '2024-05-23 03:35:18', '2024-05-23 03:35:18'),
	(231, 'App\\Models\\User', 5, 'deleted', 'App\\Models\\Hirarc', 107, '{"hirarc_id":107,"desc_job":"2","location":"2","prepared_by":"AnasSV","created_at":"2024-05-13 19:35:51","updated_at":"2024-05-13 19:35:51","inspection_date":"2024-05-08","prepared_by_signature":"\\/storage\\/signatures\\/preparedby\\/signature_prepared_by1715600151.png"}', '[]', 'http://isms2.anas/user/delete-hirarc/107', '127.0.0.1', 'Mozilla/5.0 (Windows NT 10.0; Win64; x64) AppleWebKit/537.36 (KHTML, like Gecko) Chrome/124.0.0.0 Safari/537.36', NULL, '2024-05-23 03:35:18', '2024-05-23 03:35:18'),
	(232, 'App\\Models\\User', 5, 'deleted', 'App\\Models\\HirarcReport', 100, '{"tpage_id":null,"hirarc_id":101}', '[]', 'http://isms2.anas/user/delete-hirarc/101', '127.0.0.1', 'Mozilla/5.0 (Windows NT 10.0; Win64; x64) AppleWebKit/537.36 (KHTML, like Gecko) Chrome/124.0.0.0 Safari/537.36', NULL, '2024-05-23 03:35:21', '2024-05-23 03:35:21'),
	(233, 'App\\Models\\User', 5, 'deleted', 'App\\Models\\Hirarc', 101, '{"hirarc_id":101,"desc_job":"3","location":"3","prepared_by":"AnasPM","created_at":"2024-05-12 00:22:03","updated_at":"2024-05-12 00:22:03","inspection_date":"2024-05-15","prepared_by_signature":"\\/storage\\/signatures\\/usersignature\\/signature_verifiedby3.png"}', '[]', 'http://isms2.anas/user/delete-hirarc/101', '127.0.0.1', 'Mozilla/5.0 (Windows NT 10.0; Win64; x64) AppleWebKit/537.36 (KHTML, like Gecko) Chrome/124.0.0.0 Safari/537.36', NULL, '2024-05-23 03:35:21', '2024-05-23 03:35:21'),
	(234, 'App\\Models\\User', 5, 'deleted', 'App\\Models\\HirarcReport', 99, '{"tpage_id":null,"hirarc_id":100}', '[]', 'http://isms2.anas/user/delete-hirarc/100', '127.0.0.1', 'Mozilla/5.0 (Windows NT 10.0; Win64; x64) AppleWebKit/537.36 (KHTML, like Gecko) Chrome/124.0.0.0 Safari/537.36', NULL, '2024-05-23 03:35:24', '2024-05-23 03:35:24'),
	(235, 'App\\Models\\User', 5, 'deleted', 'App\\Models\\Hirarc', 100, '{"hirarc_id":100,"desc_job":"1","location":"1","prepared_by":"AnasPM","created_at":"2024-05-12 00:21:51","updated_at":"2024-05-12 00:21:51","inspection_date":"2024-05-09","prepared_by_signature":"\\/storage\\/signatures\\/usersignature\\/signature_verifiedby3.png"}', '[]', 'http://isms2.anas/user/delete-hirarc/100', '127.0.0.1', 'Mozilla/5.0 (Windows NT 10.0; Win64; x64) AppleWebKit/537.36 (KHTML, like Gecko) Chrome/124.0.0.0 Safari/537.36', NULL, '2024-05-23 03:35:24', '2024-05-23 03:35:24'),
	(236, 'App\\Models\\User', 5, 'created', 'App\\Models\\Hirarc', 136, '[]', '{"prepared_by_signature":"\\/storage\\/signatures\\/usersignature\\/signature_verifiedby5.png","desc_job":"Hic est nulla vel e","location":"Perspiciatis non fu","prepared_by":"Deserunt explicabo","inspection_date":"1996-11-02","updated_at":"2024-05-23 03:39:00","created_at":"2024-05-23 03:39:00","hirarc_id":136}', 'http://isms2.anas/user/add-hirarc-details', '127.0.0.1', 'Mozilla/5.0 (Windows NT 10.0; Win64; x64) AppleWebKit/537.36 (KHTML, like Gecko) Chrome/124.0.0.0 Safari/537.36', NULL, '2024-05-23 03:39:00', '2024-05-23 03:39:00'),
	(237, 'App\\Models\\User', 5, 'created', 'App\\Models\\HirarcReport', 135, '[]', '{"hirarc_id":136}', 'http://isms2.anas/user/add-hirarc-details', '127.0.0.1', 'Mozilla/5.0 (Windows NT 10.0; Win64; x64) AppleWebKit/537.36 (KHTML, like Gecko) Chrome/124.0.0.0 Safari/537.36', NULL, '2024-05-23 03:39:00', '2024-05-23 03:39:00'),
	(238, 'App\\Models\\User', 3, 'created', 'App\\Models\\Hirarc', 137, '[]', '{"prepared_by_signature":"\\/storage\\/signatures\\/usersignature\\/signature_verifiedby3.png","desc_job":"aaaaa","location":"aaaaaa","prepared_by":"AnasPM","inspection_date":"2024-05-23","updated_at":"2024-05-23 03:41:39","created_at":"2024-05-23 03:41:39","hirarc_id":137}', 'http://isms2.anas/user/add-hirarc-details', '127.0.0.1', 'Mozilla/5.0 (Windows NT 10.0; Win64; x64; rv:126.0) Gecko/20100101 Firefox/126.0', NULL, '2024-05-23 03:41:39', '2024-05-23 03:41:39'),
	(239, 'App\\Models\\User', 3, 'created', 'App\\Models\\HirarcReport', 136, '[]', '{"hirarc_id":137}', 'http://isms2.anas/user/add-hirarc-details', '127.0.0.1', 'Mozilla/5.0 (Windows NT 10.0; Win64; x64; rv:126.0) Gecko/20100101 Firefox/126.0', NULL, '2024-05-23 03:41:39', '2024-05-23 03:41:39'),
	(240, 'App\\Models\\User', 5, 'created', 'App\\Models\\Hirarc', 138, '[]', '{"prepared_by_signature":"\\/storage\\/signatures\\/usersignature\\/signature_verifiedby5.png","desc_job":"Hic est nulla vel e","location":"Perspiciatis non fu","prepared_by":"Deserunt explicabo","inspection_date":"1996-11-02","updated_at":"2024-05-23 03:42:47","created_at":"2024-05-23 03:42:47","hirarc_id":138}', 'http://isms2.anas/user/add-hirarc-details', '127.0.0.1', 'Mozilla/5.0 (Windows NT 10.0; Win64; x64) AppleWebKit/537.36 (KHTML, like Gecko) Chrome/124.0.0.0 Safari/537.36', NULL, '2024-05-23 03:42:47', '2024-05-23 03:42:47'),
	(241, 'App\\Models\\User', 5, 'created', 'App\\Models\\HirarcReport', 137, '[]', '{"hirarc_id":138}', 'http://isms2.anas/user/add-hirarc-details', '127.0.0.1', 'Mozilla/5.0 (Windows NT 10.0; Win64; x64) AppleWebKit/537.36 (KHTML, like Gecko) Chrome/124.0.0.0 Safari/537.36', NULL, '2024-05-23 03:42:47', '2024-05-23 03:42:47'),
	(242, 'App\\Models\\User', 5, 'created', 'App\\Models\\Hirarc', 139, '[]', '{"prepared_by_signature":"\\/storage\\/signatures\\/usersignature\\/signature_verifiedby5.png","desc_job":"Et adipisicing in li","location":"Cupiditate consequat","prepared_by":"AnasSHO","inspection_date":"1994-01-11","updated_at":"2024-05-23 04:26:25","created_at":"2024-05-23 04:26:25","hirarc_id":139}', 'http://isms2.anas/user/add-hirarc-details', '127.0.0.1', 'Mozilla/5.0 (Windows NT 10.0; Win64; x64) AppleWebKit/537.36 (KHTML, like Gecko) Chrome/124.0.0.0 Safari/537.36', NULL, '2024-05-23 04:26:25', '2024-05-23 04:26:25'),
	(243, 'App\\Models\\User', 5, 'created', 'App\\Models\\HirarcReport', 138, '[]', '{"hirarc_id":139}', 'http://isms2.anas/user/add-hirarc-details', '127.0.0.1', 'Mozilla/5.0 (Windows NT 10.0; Win64; x64) AppleWebKit/537.36 (KHTML, like Gecko) Chrome/124.0.0.0 Safari/537.36', NULL, '2024-05-23 04:26:25', '2024-05-23 04:26:25'),
	(244, 'App\\Models\\User', 5, 'created', 'App\\Models\\Hirarc', 140, '[]', '{"prepared_by_signature":"\\/storage\\/signatures\\/usersignature\\/signature_verifiedby5.png","desc_job":"Et adipisicing in li","location":"Cupiditate consequat","prepared_by":"AnasSHO","inspection_date":"1994-01-11","updated_at":"2024-05-23 04:32:09","created_at":"2024-05-23 04:32:09","hirarc_id":140}', 'http://isms2.anas/user/add-hirarc-details', '127.0.0.1', 'Mozilla/5.0 (Windows NT 10.0; Win64; x64) AppleWebKit/537.36 (KHTML, like Gecko) Chrome/124.0.0.0 Safari/537.36', NULL, '2024-05-23 04:32:09', '2024-05-23 04:32:09'),
	(245, 'App\\Models\\User', 5, 'created', 'App\\Models\\HirarcReport', 139, '[]', '{"hirarc_id":140}', 'http://isms2.anas/user/add-hirarc-details', '127.0.0.1', 'Mozilla/5.0 (Windows NT 10.0; Win64; x64) AppleWebKit/537.36 (KHTML, like Gecko) Chrome/124.0.0.0 Safari/537.36', NULL, '2024-05-23 04:32:09', '2024-05-23 04:32:09'),
	(246, 'App\\Models\\User', 5, 'created', 'App\\Models\\Hirarc', 141, '[]', '{"prepared_by_signature":"\\/storage\\/signatures\\/usersignature\\/signature_verifiedby5.png","desc_job":"Et adipisicing in li","location":"Cupiditate consequat","prepared_by":"AnasSHO","inspection_date":"1994-01-11","updated_at":"2024-05-23 04:32:37","created_at":"2024-05-23 04:32:37","hirarc_id":141}', 'http://isms2.anas/user/add-hirarc-details', '127.0.0.1', 'Mozilla/5.0 (Windows NT 10.0; Win64; x64) AppleWebKit/537.36 (KHTML, like Gecko) Chrome/124.0.0.0 Safari/537.36', NULL, '2024-05-23 04:32:37', '2024-05-23 04:32:37'),
	(247, 'App\\Models\\User', 5, 'created', 'App\\Models\\HirarcReport', 140, '[]', '{"hirarc_id":141}', 'http://isms2.anas/user/add-hirarc-details', '127.0.0.1', 'Mozilla/5.0 (Windows NT 10.0; Win64; x64) AppleWebKit/537.36 (KHTML, like Gecko) Chrome/124.0.0.0 Safari/537.36', NULL, '2024-05-23 04:32:37', '2024-05-23 04:32:37'),
	(248, 'App\\Models\\User', 5, 'created', 'App\\Models\\Hirarc', 142, '[]', '{"prepared_by_signature":"\\/storage\\/signatures\\/usersignature\\/signature_verifiedby5.png","desc_job":"Et adipisicing in li","location":"Cupiditate consequat","prepared_by":"AnasSHO","inspection_date":"1994-01-11","updated_at":"2024-05-23 04:33:28","created_at":"2024-05-23 04:33:28","hirarc_id":142}', 'http://isms2.anas/user/add-hirarc-details', '127.0.0.1', 'Mozilla/5.0 (Windows NT 10.0; Win64; x64) AppleWebKit/537.36 (KHTML, like Gecko) Chrome/124.0.0.0 Safari/537.36', NULL, '2024-05-23 04:33:28', '2024-05-23 04:33:28'),
	(249, 'App\\Models\\User', 5, 'created', 'App\\Models\\Hirarc', 143, '[]', '{"prepared_by_signature":"\\/storage\\/signatures\\/usersignature\\/signature_verifiedby5.png","desc_job":"Et adipisicing in li","location":"Cupiditate consequat","prepared_by":"AnasSHO","inspection_date":"1994-01-11","updated_at":"2024-05-23 04:33:40","created_at":"2024-05-23 04:33:40","hirarc_id":143}', 'http://isms2.anas/user/add-hirarc-details', '127.0.0.1', 'Mozilla/5.0 (Windows NT 10.0; Win64; x64) AppleWebKit/537.36 (KHTML, like Gecko) Chrome/124.0.0.0 Safari/537.36', NULL, '2024-05-23 04:33:40', '2024-05-23 04:33:40'),
	(250, 'App\\Models\\User', 5, 'created', 'App\\Models\\HirarcReport', 141, '[]', '{"hirarc_id":143}', 'http://isms2.anas/user/add-hirarc-details', '127.0.0.1', 'Mozilla/5.0 (Windows NT 10.0; Win64; x64) AppleWebKit/537.36 (KHTML, like Gecko) Chrome/124.0.0.0 Safari/537.36', NULL, '2024-05-23 04:33:40', '2024-05-23 04:33:40'),
	(251, 'App\\Models\\User', 5, 'created', 'App\\Models\\Hirarc', 144, '[]', '{"prepared_by_signature":"\\/storage\\/signatures\\/usersignature\\/signature_verifiedby5.png","desc_job":"Et adipisicing in li","location":"Cupiditate consequat","prepared_by":"AnasSHO","inspection_date":"1994-01-11","updated_at":"2024-05-23 04:39:35","created_at":"2024-05-23 04:39:35","hirarc_id":144}', 'http://isms2.anas/user/add-hirarc-details', '127.0.0.1', 'Mozilla/5.0 (Windows NT 10.0; Win64; x64) AppleWebKit/537.36 (KHTML, like Gecko) Chrome/124.0.0.0 Safari/537.36', NULL, '2024-05-23 04:39:35', '2024-05-23 04:39:35'),
	(252, 'App\\Models\\User', 5, 'created', 'App\\Models\\HirarcReport', 142, '[]', '{"hirarc_id":144}', 'http://isms2.anas/user/add-hirarc-details', '127.0.0.1', 'Mozilla/5.0 (Windows NT 10.0; Win64; x64) AppleWebKit/537.36 (KHTML, like Gecko) Chrome/124.0.0.0 Safari/537.36', NULL, '2024-05-23 04:39:35', '2024-05-23 04:39:35'),
	(253, 'App\\Models\\User', 5, 'created', 'App\\Models\\Hirarc', 145, '[]', '{"prepared_by_signature":"\\/storage\\/signatures\\/usersignature\\/signature_verifiedby5.png","desc_job":"Et adipisicing in li","location":"Cupiditate consequat","prepared_by":"AnasSHO","inspection_date":"1994-01-11","updated_at":"2024-05-23 04:40:42","created_at":"2024-05-23 04:40:42","hirarc_id":145}', 'http://isms2.anas/user/add-hirarc-details', '127.0.0.1', 'Mozilla/5.0 (Windows NT 10.0; Win64; x64) AppleWebKit/537.36 (KHTML, like Gecko) Chrome/124.0.0.0 Safari/537.36', NULL, '2024-05-23 04:40:42', '2024-05-23 04:40:42'),
	(254, 'App\\Models\\User', 5, 'created', 'App\\Models\\HirarcReport', 143, '[]', '{"hirarc_id":145}', 'http://isms2.anas/user/add-hirarc-details', '127.0.0.1', 'Mozilla/5.0 (Windows NT 10.0; Win64; x64) AppleWebKit/537.36 (KHTML, like Gecko) Chrome/124.0.0.0 Safari/537.36', NULL, '2024-05-23 04:40:42', '2024-05-23 04:40:42'),
	(255, 'App\\Models\\User', 5, 'created', 'App\\Models\\Hirarc', 146, '[]', '{"prepared_by_signature":"\\/storage\\/signatures\\/usersignature\\/signature_verifiedby5.png","desc_job":"Et adipisicing in li","location":"Cupiditate consequat","prepared_by":"AnasSHO","inspection_date":"1994-01-11","updated_at":"2024-05-23 04:40:51","created_at":"2024-05-23 04:40:51","hirarc_id":146}', 'http://isms2.anas/user/add-hirarc-details', '127.0.0.1', 'Mozilla/5.0 (Windows NT 10.0; Win64; x64) AppleWebKit/537.36 (KHTML, like Gecko) Chrome/124.0.0.0 Safari/537.36', NULL, '2024-05-23 04:40:51', '2024-05-23 04:40:51'),
	(256, 'App\\Models\\User', 5, 'created', 'App\\Models\\HirarcReport', 144, '[]', '{"hirarc_id":146}', 'http://isms2.anas/user/add-hirarc-details', '127.0.0.1', 'Mozilla/5.0 (Windows NT 10.0; Win64; x64) AppleWebKit/537.36 (KHTML, like Gecko) Chrome/124.0.0.0 Safari/537.36', NULL, '2024-05-23 04:40:51', '2024-05-23 04:40:51'),
	(257, 'App\\Models\\User', 5, 'created', 'App\\Models\\Hirarc', 147, '[]', '{"prepared_by_signature":"\\/storage\\/signatures\\/usersignature\\/signature_verifiedby5.png","desc_job":"Makan2 je","location":"1","prepared_by":"AnasSHO","inspection_date":"2024-05-30","updated_at":"2024-05-30 02:21:31","created_at":"2024-05-30 02:21:31","hirarc_id":147}', 'http://isms2.anas/user/add-hirarc-details', '127.0.0.1', 'Mozilla/5.0 (Windows NT 10.0; Win64; x64) AppleWebKit/537.36 (KHTML, like Gecko) Chrome/125.0.0.0 Safari/537.36', NULL, '2024-05-30 02:21:31', '2024-05-30 02:21:31'),
	(258, 'App\\Models\\User', 5, 'created', 'App\\Models\\HirarcReport', 145, '[]', '{"hirarc_id":147}', 'http://isms2.anas/user/add-hirarc-details', '127.0.0.1', 'Mozilla/5.0 (Windows NT 10.0; Win64; x64) AppleWebKit/537.36 (KHTML, like Gecko) Chrome/125.0.0.0 Safari/537.36', NULL, '2024-05-30 02:21:31', '2024-05-30 02:21:31'),
	(259, 'App\\Models\\User', 5, 'created', 'App\\Models\\Hazard', 112, '[]', '{"job_sequence":"3","hazard":"3","can_cause":"3","hirarc_id":"147","hazard_id":112}', 'http://isms2.anas/user/add-hazard-details', '127.0.0.1', 'Mozilla/5.0 (Windows NT 10.0; Win64; x64) AppleWebKit/537.36 (KHTML, like Gecko) Chrome/125.0.0.0 Safari/537.36', NULL, '2024-05-30 02:27:22', '2024-05-30 02:27:22'),
	(260, 'App\\Models\\User', 5, 'created', 'App\\Models\\Risks', 96, '[]', '{"risk_desc":"3","current_control":"3","likelihood":"3","severity":"3","score":"9","index":"M","hazard_id":"112","hirarc_id":"147"}', 'http://isms2.anas/user/add-risk-details', '127.0.0.1', 'Mozilla/5.0 (Windows NT 10.0; Win64; x64) AppleWebKit/537.36 (KHTML, like Gecko) Chrome/125.0.0.0 Safari/537.36', NULL, '2024-05-30 02:45:15', '2024-05-30 02:45:15'),
	(261, 'App\\Models\\User', 5, 'created', 'App\\Models\\Risks', 97, '[]', '{"risk_desc":"3","current_control":"3","likelihood":"3","severity":"3","score":"9","index":"M","hazard_id":"112","hirarc_id":"147"}', 'http://isms2.anas/user/add-risk-details', '127.0.0.1', 'Mozilla/5.0 (Windows NT 10.0; Win64; x64) AppleWebKit/537.36 (KHTML, like Gecko) Chrome/125.0.0.0 Safari/537.36', NULL, '2024-05-30 02:47:35', '2024-05-30 02:47:35'),
	(262, 'App\\Models\\User', 5, 'created', 'App\\Models\\Risks', 98, '[]', '{"risk_desc":"3","current_control":"3","likelihood":"3","severity":"3","score":"9","index":"M","hazard_id":"112","hirarc_id":"147"}', 'http://isms2.anas/user/add-risk-details', '127.0.0.1', 'Mozilla/5.0 (Windows NT 10.0; Win64; x64) AppleWebKit/537.36 (KHTML, like Gecko) Chrome/125.0.0.0 Safari/537.36', NULL, '2024-05-30 02:47:57', '2024-05-30 02:47:57'),
	(263, 'App\\Models\\User', 7, 'created', 'App\\Models\\Hirarc', 148, '[]', '{"prepared_by_signature":"\\/storage\\/signatures\\/preparedby\\/signature_prepared_by1718196620.png","desc_job":"Qui aliqua Alias ap","location":"Adipisci id porro ni","prepared_by":"Anastazry Encem","inspection_date":"2024-06-11","updated_at":"2024-06-12 20:50:20","created_at":"2024-06-12 20:50:20","hirarc_id":148}', 'http://isms2.anas/user/add-hirarc-details', '127.0.0.1', 'Mozilla/5.0 (Windows NT 10.0; Win64; x64) AppleWebKit/537.36 (KHTML, like Gecko) Chrome/125.0.0.0 Safari/537.36', NULL, '2024-06-12 20:50:20', '2024-06-12 20:50:20'),
	(264, 'App\\Models\\User', 7, 'created', 'App\\Models\\HirarcReport', 146, '[]', '{"hirarc_id":148}', 'http://isms2.anas/user/add-hirarc-details', '127.0.0.1', 'Mozilla/5.0 (Windows NT 10.0; Win64; x64) AppleWebKit/537.36 (KHTML, like Gecko) Chrome/125.0.0.0 Safari/537.36', NULL, '2024-06-12 20:50:20', '2024-06-12 20:50:20'),
	(265, 'App\\Models\\User', 7, 'created', 'App\\Models\\Hazard', 113, '[]', '{"job_sequence":"Incididunt sed sit c","hazard":"Quasi sed quia et do","can_cause":"Voluptate laborum re","hirarc_id":"148","hazard_id":113}', 'http://isms2.anas/user/add-hazard-details', '127.0.0.1', 'Mozilla/5.0 (Windows NT 10.0; Win64; x64) AppleWebKit/537.36 (KHTML, like Gecko) Chrome/125.0.0.0 Safari/537.36', NULL, '2024-06-12 20:51:10', '2024-06-12 20:51:10'),
	(266, 'App\\Models\\User', 7, 'created', 'App\\Models\\Hazard', 114, '[]', '{"job_sequence":"Voluptatem Non sint","hazard":"Dolor excepteur mole","can_cause":"Dolor voluptas provi","hirarc_id":"148","hazard_id":114}', 'http://isms2.anas/user/add-hazard-details', '127.0.0.1', 'Mozilla/5.0 (Windows NT 10.0; Win64; x64) AppleWebKit/537.36 (KHTML, like Gecko) Chrome/125.0.0.0 Safari/537.36', NULL, '2024-06-12 20:51:10', '2024-06-12 20:51:10'),
	(267, 'App\\Models\\User', 7, 'created', 'App\\Models\\Risks', 99, '[]', '{"risk_desc":"Incididunt quaerat o","current_control":"Aliqua Voluptatibus","likelihood":"5","severity":"2","score":"10","index":"M","hazard_id":"113","hirarc_id":"148"}', 'http://isms2.anas/user/add-risk-details', '127.0.0.1', 'Mozilla/5.0 (Windows NT 10.0; Win64; x64) AppleWebKit/537.36 (KHTML, like Gecko) Chrome/125.0.0.0 Safari/537.36', NULL, '2024-06-12 20:52:10', '2024-06-12 20:52:10'),
	(268, 'App\\Models\\User', 7, 'created', 'App\\Models\\Risks', 100, '[]', '{"risk_desc":"Quia dolor in aliqua","current_control":"Et beatae aut minim","likelihood":"5","severity":"5","score":"25","index":"H","hazard_id":"114","hirarc_id":"148"}', 'http://isms2.anas/user/add-risk-details', '127.0.0.1', 'Mozilla/5.0 (Windows NT 10.0; Win64; x64) AppleWebKit/537.36 (KHTML, like Gecko) Chrome/125.0.0.0 Safari/537.36', NULL, '2024-06-12 20:52:10', '2024-06-12 20:52:10'),
	(269, 'App\\Models\\User', 7, 'updated', 'App\\Models\\Risks', 99, '{"current_control":"Aliqua Voluptatibus","severity":2,"score":10,"index":"M"}', '{"current_control":"ControlUpdate1","severity":"3","score":"15","index":"H"}', 'http://isms2.anas/user/edit-risk-items/148', '127.0.0.1', 'Mozilla/5.0 (Windows NT 10.0; Win64; x64) AppleWebKit/537.36 (KHTML, like Gecko) Chrome/125.0.0.0 Safari/537.36', NULL, '2024-06-12 20:53:46', '2024-06-12 20:53:46'),
	(270, 'App\\Models\\User', 7, 'created', 'App\\Models\\Control', 73, '[]', '{"new_control":"11","opportunity":"11","responsibility":"AnasSV","status":"Reviewing","hazard_id":"113","hirarc_id":148}', 'http://isms2.anas/user/edit-control-items/148', '127.0.0.1', 'Mozilla/5.0 (Windows NT 10.0; Win64; x64) AppleWebKit/537.36 (KHTML, like Gecko) Chrome/125.0.0.0 Safari/537.36', NULL, '2024-06-12 20:54:29', '2024-06-12 20:54:29'),
	(271, 'App\\Models\\User', 7, 'created', 'App\\Models\\Control', 74, '[]', '{"new_control":"222","opportunity":"22","responsibility":"AnasSV","status":"Reviewing","hazard_id":"114","hirarc_id":148}', 'http://isms2.anas/user/edit-control-items/148', '127.0.0.1', 'Mozilla/5.0 (Windows NT 10.0; Win64; x64) AppleWebKit/537.36 (KHTML, like Gecko) Chrome/125.0.0.0 Safari/537.36', NULL, '2024-06-12 20:54:29', '2024-06-12 20:54:29'),
	(272, 'App\\Models\\User', 7, 'updated', 'App\\Models\\Hazard', 114, '{"job_sequence":"Voluptatem Non sint","hazard":"Dolor excepteur mole","can_cause":"Dolor voluptas provi"}', '{"job_sequence":"2","hazard":"2","can_cause":"2"}', 'http://isms2.anas/user/edit-hazard-items/148', '127.0.0.1', 'Mozilla/5.0 (Windows NT 10.0; Win64; x64) AppleWebKit/537.36 (KHTML, like Gecko) Chrome/125.0.0.0 Safari/537.36', NULL, '2024-06-12 20:55:41', '2024-06-12 20:55:41'),
	(273, 'App\\Models\\User', 7, 'deleted', 'App\\Models\\HirarcReport', 146, '{"tpage_id":null,"hirarc_id":148}', '[]', 'http://isms2.anas/user/delete-hirarc/148', '127.0.0.1', 'Mozilla/5.0 (Windows NT 10.0; Win64; x64) AppleWebKit/537.36 (KHTML, like Gecko) Chrome/125.0.0.0 Safari/537.36', NULL, '2024-06-12 20:56:19', '2024-06-12 20:56:19'),
	(274, 'App\\Models\\User', 7, 'deleted', 'App\\Models\\Hirarc', 148, '{"hirarc_id":148,"desc_job":"Qui aliqua Alias ap","location":"Adipisci id porro ni","prepared_by":"Anastazry Encem","created_at":"2024-06-12 20:50:20","updated_at":"2024-06-12 20:50:20","inspection_date":"2024-06-11","prepared_by_signature":"\\/storage\\/signatures\\/preparedby\\/signature_prepared_by1718196620.png"}', '[]', 'http://isms2.anas/user/delete-hirarc/148', '127.0.0.1', 'Mozilla/5.0 (Windows NT 10.0; Win64; x64) AppleWebKit/537.36 (KHTML, like Gecko) Chrome/125.0.0.0 Safari/537.36', NULL, '2024-06-12 20:56:19', '2024-06-12 20:56:19'),
	(275, 'App\\Models\\User', 7, 'updated', 'App\\Models\\HirarcReport', 91, '{"tpage_id":null}', '{"tpage_id":39}', 'http://isms2.anas/user/hirarc-form-verify-with-signature', '127.0.0.1', 'Mozilla/5.0 (Windows NT 10.0; Win64; x64) AppleWebKit/537.36 (KHTML, like Gecko) Chrome/125.0.0.0 Safari/537.36', NULL, '2024-06-12 21:11:54', '2024-06-12 21:11:54');

-- Dumping structure for table isms3.control_tbl
CREATE TABLE IF NOT EXISTS `control_tbl` (
  `control_id` bigint unsigned NOT NULL AUTO_INCREMENT,
  `hazard_id` bigint unsigned DEFAULT NULL,
  `opportunity` varchar(255) CHARACTER SET utf8mb4 COLLATE utf8mb4_unicode_ci DEFAULT NULL,
  `new_control` varchar(255) CHARACTER SET utf8mb4 COLLATE utf8mb4_unicode_ci DEFAULT NULL,
  `responsibility` varchar(255) CHARACTER SET utf8mb4 COLLATE utf8mb4_unicode_ci NOT NULL,
  `status` varchar(255) CHARACTER SET utf8mb4 COLLATE utf8mb4_unicode_ci DEFAULT NULL,
  `created_at` timestamp NULL DEFAULT NULL,
  `updated_at` timestamp NULL DEFAULT NULL,
  `hirarc_id` bigint unsigned DEFAULT NULL,
  PRIMARY KEY (`control_id`),
  KEY `control_tbl_hazard_id_foreign` (`hazard_id`),
  KEY `control_tbl_hirarc_id_foreign` (`hirarc_id`),
  CONSTRAINT `control_tbl_hazard_id_foreign` FOREIGN KEY (`hazard_id`) REFERENCES `hazard_identify_tbl` (`hazard_id`) ON DELETE SET NULL,
  CONSTRAINT `control_tbl_hirarc_id_foreign` FOREIGN KEY (`hirarc_id`) REFERENCES `hirarc_tbl` (`hirarc_id`) ON DELETE SET NULL
) ENGINE=InnoDB AUTO_INCREMENT=75 DEFAULT CHARSET=utf8mb4 COLLATE=utf8mb4_unicode_ci;

-- Dumping data for table isms3.control_tbl: ~9 rows (approximately)
INSERT INTO `control_tbl` (`control_id`, `hazard_id`, `opportunity`, `new_control`, `responsibility`, `status`, `created_at`, `updated_at`, `hirarc_id`) VALUES
	(56, 89, '33', '33', '33', 'Reviewing', '2024-04-29 17:23:15', '2024-04-29 17:23:15', 81),
	(57, 90, '3', '3', '3', 'Reviewing', '2024-04-29 17:37:37', '2024-04-29 17:37:37', 82),
	(58, 91, NULL, NULL, 'Supervisor', 'Reviewing', '2024-04-30 14:47:36', '2024-04-30 14:47:36', 83),
	(59, 92, NULL, NULL, 'Supervisor', 'Reviewing', '2024-04-30 14:47:36', '2024-04-30 14:47:36', 83),
	(60, 93, NULL, NULL, 'Supervisor', 'Reviewing', '2024-04-30 14:47:36', '2024-04-30 14:47:36', 83),
	(61, 94, NULL, NULL, 'Supervisor', 'Reviewing', '2024-05-01 05:17:37', '2024-05-01 05:17:37', 83),
	(62, 95, 'JANUARY', 'JANUARY', 'JANUARY', 'Reviewing', '2024-05-01 15:13:51', '2024-05-01 15:13:51', 84),
	(64, 97, '2', '2', '2', 'Reviewing', '2024-05-03 03:32:29', '2024-05-03 03:32:29', 86),
	(65, 100, '2', '2', 'Supervisor', 'Reviewing', '2024-05-04 23:04:28', '2024-05-04 23:10:24', 90),
	(68, 105, '3', '3', 'Supervisor', 'Reviewing', '2024-05-04 23:25:29', '2024-05-04 23:25:29', 90);

-- Dumping structure for table isms3.failed_jobs
CREATE TABLE IF NOT EXISTS `failed_jobs` (
  `id` bigint unsigned NOT NULL AUTO_INCREMENT,
  `uuid` varchar(255) CHARACTER SET utf8mb4 COLLATE utf8mb4_unicode_ci NOT NULL,
  `connection` text CHARACTER SET utf8mb4 COLLATE utf8mb4_unicode_ci NOT NULL,
  `queue` text CHARACTER SET utf8mb4 COLLATE utf8mb4_unicode_ci NOT NULL,
  `payload` longtext CHARACTER SET utf8mb4 COLLATE utf8mb4_unicode_ci NOT NULL,
  `exception` longtext CHARACTER SET utf8mb4 COLLATE utf8mb4_unicode_ci NOT NULL,
  `failed_at` timestamp NOT NULL DEFAULT CURRENT_TIMESTAMP,
  PRIMARY KEY (`id`),
  UNIQUE KEY `failed_jobs_uuid_unique` (`uuid`)
) ENGINE=InnoDB DEFAULT CHARSET=utf8mb4 COLLATE=utf8mb4_unicode_ci;

-- Dumping data for table isms3.failed_jobs: ~0 rows (approximately)

-- Dumping structure for table isms3.hazard_identify_tbl
CREATE TABLE IF NOT EXISTS `hazard_identify_tbl` (
  `hazard_id` bigint unsigned NOT NULL AUTO_INCREMENT,
  `job_sequence` varchar(255) CHARACTER SET utf8mb4 COLLATE utf8mb4_unicode_ci NOT NULL,
  `hazard` varchar(255) CHARACTER SET utf8mb4 COLLATE utf8mb4_unicode_ci NOT NULL,
  `can_cause` varchar(255) CHARACTER SET utf8mb4 COLLATE utf8mb4_unicode_ci NOT NULL,
  `hirarc_id` bigint unsigned DEFAULT NULL,
  `created_at` timestamp NULL DEFAULT NULL,
  `updated_at` timestamp NULL DEFAULT NULL,
  PRIMARY KEY (`hazard_id`),
  KEY `hazard_identify_tbl_hirarc_id_foreign` (`hirarc_id`),
  CONSTRAINT `hazard_identify_tbl_hirarc_id_foreign` FOREIGN KEY (`hirarc_id`) REFERENCES `hirarc_tbl` (`hirarc_id`) ON DELETE SET NULL
) ENGINE=InnoDB AUTO_INCREMENT=115 DEFAULT CHARSET=utf8mb4 COLLATE=utf8mb4_unicode_ci;

-- Dumping data for table isms3.hazard_identify_tbl: ~16 rows (approximately)
INSERT INTO `hazard_identify_tbl` (`hazard_id`, `job_sequence`, `hazard`, `can_cause`, `hirarc_id`, `created_at`, `updated_at`) VALUES
	(66, '2', '2', '2', NULL, '2024-04-22 07:49:30', '2024-04-22 07:56:10'),
	(78, '1', '1', '1', NULL, '2024-04-28 07:36:55', '2024-04-28 07:36:55'),
	(89, '22', '22', '22', 81, '2024-04-29 17:23:00', '2024-04-29 17:23:00'),
	(90, 'hahahaha', 'hurm', 'bahaya u', 82, '2024-04-29 17:37:32', '2024-04-29 17:37:32'),
	(91, 'Material management', 'Obstruct Material', 'Tripping by obstruct material', 83, '2024-04-30 14:38:04', '2024-04-30 14:38:04'),
	(92, 'Erection & and installation of false work/ temporary structure', 'Pinch point', 'Minor injury', 83, '2024-04-30 14:38:04', '2024-04-30 14:38:04'),
	(93, 'Cont', 'Falling Material', 'Physical Injury and Material Damage', 83, '2024-04-30 14:38:04', '2024-04-30 14:38:04'),
	(94, 'Cont', 'Falling Material', 'Physical Injury and Material Damage', 83, '2024-05-01 05:15:42', '2024-05-01 05:15:42'),
	(95, 'JANUARY', 'JANUARY', 'JANUARY', 84, '2024-05-01 15:13:39', '2024-05-01 15:13:39'),
	(97, '22222', '222222', '222222', 86, '2024-05-03 03:32:18', '2024-05-03 03:32:18'),
	(98, 'Bahaya la tadi aq risau gileeeessssss', 'lapor mekdi', 'uikkkk', 87, '2024-05-03 11:34:03', '2024-05-03 11:34:03'),
	(99, 'Bahaya la tadi aq risau gileeeessssss', 'hurm', 'bahaya u', 87, '2024-05-03 11:34:03', '2024-05-03 11:34:03'),
	(100, '1', '1', '1', 90, '2024-05-04 02:19:26', '2024-05-04 02:20:29'),
	(105, '2', '2', '2', 90, '2024-05-04 23:21:48', '2024-05-04 23:21:48'),
	(112, '3', '3', '3', 147, '2024-05-30 02:27:22', '2024-05-30 02:27:22');

-- Dumping structure for table isms3.hirarc_report_tbl
CREATE TABLE IF NOT EXISTS `hirarc_report_tbl` (
  `id` bigint unsigned NOT NULL AUTO_INCREMENT,
  `tpage_id` bigint unsigned DEFAULT NULL,
  `hirarc_id` bigint unsigned DEFAULT NULL,
  `created_at` timestamp NULL DEFAULT NULL,
  `updated_at` timestamp NULL DEFAULT NULL,
  PRIMARY KEY (`id`),
  KEY `hirarc_report_tbl_tpage_id_foreign` (`tpage_id`),
  KEY `hirarc_report_tbl_hirarc_id_foreign` (`hirarc_id`),
  CONSTRAINT `hirarc_report_tbl_hirarc_id_foreign` FOREIGN KEY (`hirarc_id`) REFERENCES `hirarc_tbl` (`hirarc_id`) ON DELETE SET NULL,
  CONSTRAINT `hirarc_report_tbl_tpage_id_foreign` FOREIGN KEY (`tpage_id`) REFERENCES `titlepage_tbl` (`tpage_id`) ON DELETE SET NULL
) ENGINE=InnoDB AUTO_INCREMENT=147 DEFAULT CHARSET=utf8mb4 COLLATE=utf8mb4_unicode_ci;

-- Dumping data for table isms3.hirarc_report_tbl: ~21 rows (approximately)
INSERT INTO `hirarc_report_tbl` (`id`, `tpage_id`, `hirarc_id`, `created_at`, `updated_at`) VALUES
	(82, NULL, 81, '2024-04-29 17:22:53', '2024-04-29 17:22:53'),
	(83, 38, 82, '2024-04-29 17:37:26', '2024-05-18 03:20:33'),
	(84, 36, 83, '2024-04-30 14:36:03', '2024-05-01 05:04:48'),
	(85, NULL, 84, '2024-05-01 15:13:36', '2024-05-01 15:13:36'),
	(87, NULL, 86, '2024-05-03 03:11:58', '2024-05-03 03:11:58'),
	(88, NULL, 87, '2024-05-03 11:33:44', '2024-05-03 11:33:44'),
	(89, NULL, 88, '2024-05-03 14:04:46', '2024-05-03 14:04:46'),
	(90, NULL, 89, '2024-05-03 14:05:45', '2024-05-03 14:05:45'),
	(91, 39, 90, '2024-05-03 14:12:53', '2024-06-12 21:11:54'),
	(98, NULL, 99, '2024-05-12 00:19:08', '2024-05-12 00:19:08'),
	(135, NULL, 136, '2024-05-23 03:39:00', '2024-05-23 03:39:00'),
	(136, NULL, 137, '2024-05-23 03:41:39', '2024-05-23 03:41:39'),
	(137, NULL, 138, '2024-05-23 03:42:47', '2024-05-23 03:42:47'),
	(138, NULL, 139, '2024-05-23 04:26:25', '2024-05-23 04:26:25'),
	(139, NULL, 140, '2024-05-23 04:32:09', '2024-05-23 04:32:09'),
	(140, NULL, 141, '2024-05-23 04:32:37', '2024-05-23 04:32:37'),
	(141, NULL, 143, '2024-05-23 04:33:40', '2024-05-23 04:33:40'),
	(142, NULL, 144, '2024-05-23 04:39:35', '2024-05-23 04:39:35'),
	(143, NULL, 145, '2024-05-23 04:40:42', '2024-05-23 04:40:42'),
	(144, NULL, 146, '2024-05-23 04:40:51', '2024-05-23 04:40:51'),
	(145, NULL, 147, '2024-05-30 02:21:31', '2024-05-30 02:21:31');

-- Dumping structure for table isms3.hirarc_tbl
CREATE TABLE IF NOT EXISTS `hirarc_tbl` (
  `hirarc_id` bigint unsigned NOT NULL AUTO_INCREMENT,
  `desc_job` varchar(255) CHARACTER SET utf8mb4 COLLATE utf8mb4_unicode_ci DEFAULT NULL,
  `location` varchar(255) CHARACTER SET utf8mb4 COLLATE utf8mb4_unicode_ci DEFAULT NULL,
  `prepared_by` varchar(255) CHARACTER SET utf8mb4 COLLATE utf8mb4_unicode_ci DEFAULT NULL,
  `created_at` timestamp NULL DEFAULT NULL,
  `updated_at` timestamp NULL DEFAULT NULL,
  `inspection_date` date DEFAULT NULL,
  `prepared_by_signature` varchar(255) CHARACTER SET utf8mb4 COLLATE utf8mb4_unicode_ci DEFAULT NULL,
  PRIMARY KEY (`hirarc_id`)
) ENGINE=InnoDB AUTO_INCREMENT=149 DEFAULT CHARSET=utf8mb4 COLLATE=utf8mb4_unicode_ci;

-- Dumping data for table isms3.hirarc_tbl: ~24 rows (approximately)
INSERT INTO `hirarc_tbl` (`hirarc_id`, `desc_job`, `location`, `prepared_by`, `created_at`, `updated_at`, `inspection_date`, `prepared_by_signature`) VALUES
	(81, '22', '22', 'AnasPM', '2024-04-29 17:22:53', '2024-04-29 17:22:53', '2024-04-06', '/storage/signatures/usersignature/signature_verifiedby3.png'),
	(82, 'Makan2 je', '1', 'AnasPM', '2024-04-29 17:37:26', '2024-04-29 17:37:26', '2023-03-01', '/storage/signatures/usersignature/signature_verifiedby3.png'),
	(83, 'Falsework and Scaffolding Temporary Structure', 'Jayyid', 'AnasPM', '2024-04-30 14:36:03', '2024-04-30 14:36:03', '2024-04-11', '/storage/signatures/usersignature/signature_verifiedby3.png'),
	(84, 'JANUARY', 'JANUARY', 'AnasSHO', '2024-05-01 15:13:36', '2024-05-01 15:14:03', '2024-01-10', '/storage/signatures/preparedby/signature_prepared_by1714576416.png'),
	(86, 'Makan2 je', '1', 'AnasPM', '2024-05-03 03:11:58', '2024-05-03 03:32:10', '2024-05-01', '/storage/signatures/preparedby/signature_prepared_by1714707130.png'),
	(87, 'Kerja berat', '22312', 'AnasPM', '2024-05-03 11:33:44', '2024-05-03 11:33:44', '2024-05-02', '/storage/signatures/preparedby/signature_prepared_by1714707224.png'),
	(88, 'Makan2 je', '1', 'AnasPM', '2024-05-03 14:04:46', '2024-05-03 14:04:46', '2024-05-15', '/storage/signatures/usersignature/signature_verifiedby3.png'),
	(89, 'camam33', 'camam', 'AnasPM', '2024-05-03 14:05:45', '2024-05-03 14:12:28', '2024-05-09', '/storage/signatures/usersignature/signature_verifiedby3.png'),
	(90, 'Quibusdam sunt vel e', 'Deserunt et quo recu', 'Amir', '2024-05-03 14:12:53', '2024-05-05 12:05:13', '2019-04-03', '/storage/signatures/preparedby/signature_prepared_by1714881913.png'),
	(92, 'Makan2 je', '1', 'AnasPM', '2024-05-12 00:08:52', '2024-05-12 00:08:52', '2024-05-07', '/storage/signatures/usersignature/signature_verifiedby3.png'),
	(93, 'Makan2 je', '1', 'AnasPM', '2024-05-12 00:10:49', '2024-05-12 00:10:49', '2024-05-07', '/storage/signatures/usersignature/signature_verifiedby3.png'),
	(99, '1', '1', 'AnasPM', '2024-05-12 00:19:08', '2024-05-12 00:19:08', '2024-05-17', '/storage/signatures/usersignature/signature_verifiedby3.png'),
	(136, 'Hic est nulla vel e', 'Perspiciatis non fu', 'Deserunt explicabo', '2024-05-23 03:39:00', '2024-05-23 03:39:00', '1996-11-02', '/storage/signatures/usersignature/signature_verifiedby5.png'),
	(137, 'aaaaa', 'aaaaaa', 'AnasPM', '2024-05-23 03:41:39', '2024-05-23 03:41:39', '2024-05-23', '/storage/signatures/usersignature/signature_verifiedby3.png'),
	(138, 'Hic est nulla vel e', 'Perspiciatis non fu', 'Deserunt explicabo', '2024-05-23 03:42:47', '2024-05-23 03:42:47', '1996-11-02', '/storage/signatures/usersignature/signature_verifiedby5.png'),
	(139, 'Et adipisicing in li', 'Cupiditate consequat', 'AnasSHO', '2024-05-23 04:26:25', '2024-05-23 04:26:25', '1994-01-11', '/storage/signatures/usersignature/signature_verifiedby5.png'),
	(140, 'Et adipisicing in li', 'Cupiditate consequat', 'AnasSHO', '2024-05-23 04:32:09', '2024-05-23 04:32:09', '1994-01-11', '/storage/signatures/usersignature/signature_verifiedby5.png'),
	(141, 'Et adipisicing in li', 'Cupiditate consequat', 'AnasSHO', '2024-05-23 04:32:37', '2024-05-23 04:32:37', '1994-01-11', '/storage/signatures/usersignature/signature_verifiedby5.png'),
	(142, 'Et adipisicing in li', 'Cupiditate consequat', 'AnasSHO', '2024-05-23 04:33:28', '2024-05-23 04:33:28', '1994-01-11', '/storage/signatures/usersignature/signature_verifiedby5.png'),
	(143, 'Et adipisicing in li', 'Cupiditate consequat', 'AnasSHO', '2024-05-23 04:33:40', '2024-05-23 04:33:40', '1994-01-11', '/storage/signatures/usersignature/signature_verifiedby5.png'),
	(144, 'Et adipisicing in li', 'Cupiditate consequat', 'AnasSHO', '2024-05-23 04:39:35', '2024-05-23 04:39:35', '1994-01-11', '/storage/signatures/usersignature/signature_verifiedby5.png'),
	(145, 'Et adipisicing in li', 'Cupiditate consequat', 'AnasSHO', '2024-05-23 04:40:42', '2024-05-23 04:40:42', '1994-01-11', '/storage/signatures/usersignature/signature_verifiedby5.png'),
	(146, 'Et adipisicing in li', 'Cupiditate consequat', 'AnasSHO', '2024-05-23 04:40:51', '2024-05-23 04:40:51', '1994-01-11', '/storage/signatures/usersignature/signature_verifiedby5.png'),
	(147, 'Makan2 je', '1', 'AnasSHO', '2024-05-30 02:21:31', '2024-05-30 02:21:31', '2024-05-30', '/storage/signatures/usersignature/signature_verifiedby5.png');

-- Dumping structure for table isms3.incidents
CREATE TABLE IF NOT EXISTS `incidents` (
  `reportNo` varchar(255) CHARACTER SET utf8mb4 COLLATE utf8mb4_unicode_ci NOT NULL,
  `dept_name` varchar(255) CHARACTER SET utf8mb4 COLLATE utf8mb4_unicode_ci NOT NULL,
  `project_site` varchar(255) CHARACTER SET utf8mb4 COLLATE utf8mb4_unicode_ci NOT NULL,
  `incident_location` varchar(255) CHARACTER SET utf8mb4 COLLATE utf8mb4_unicode_ci NOT NULL,
  `created_at` timestamp NULL DEFAULT NULL,
  `updated_at` timestamp NULL DEFAULT NULL,
  `incident_title` varchar(255) CHARACTER SET utf8mb4 COLLATE utf8mb4_unicode_ci NOT NULL DEFAULT '',
  `incident_time` time NOT NULL,
  `incident_desc` varchar(255) CHARACTER SET utf8mb4 COLLATE utf8mb4_unicode_ci NOT NULL,
  `incident_image` varchar(255) CHARACTER SET utf8mb4 COLLATE utf8mb4_unicode_ci DEFAULT NULL,
  `notes` varchar(255) CHARACTER SET utf8mb4 COLLATE utf8mb4_unicode_ci NOT NULL,
  `incident_date` date DEFAULT NULL,
  `user_id` bigint unsigned DEFAULT NULL,
  PRIMARY KEY (`reportNo`),
  KEY `incidents_user_id_foreign` (`user_id`),
  CONSTRAINT `incidents_user_id_foreign` FOREIGN KEY (`user_id`) REFERENCES `users` (`id`) ON DELETE SET NULL
) ENGINE=InnoDB DEFAULT CHARSET=utf8mb4 COLLATE=utf8mb4_unicode_ci;

-- Dumping data for table isms3.incidents: ~9 rows (approximately)
INSERT INTO `incidents` (`reportNo`, `dept_name`, `project_site`, `incident_location`, `created_at`, `updated_at`, `incident_title`, `incident_time`, `incident_desc`, `incident_image`, `notes`, `incident_date`, `user_id`) VALUES
	('161057', 'Public Services', 'Sarawak', 'Sarawak', '2024-01-01 08:13:33', '2024-05-11 13:48:17', 'A student being struck by a fallen goalpost.', '13:12:00', 'A fifth-grade student died after being struck by a goalpost while hanging from it.', 'incident-image/incident_161057_', 'The fallen goalpost had suffered severe corrosion to the extent that the portion of the post embedded in the ground had broken away from its structure, causing it to collapse.', '2025-05-21', 5),
	('166886', 'Barry Dunn', 'Nesciunt est eiusm', 'Voluptatum incidunt', '2024-05-05 00:55:14', '2024-05-11 15:22:28', 'Saepe necessitatibus', '15:06:00', 'Officiis nemo iusto', NULL, 'Tempora qui aliquip', '2025-05-05', 5),
	('361568', 'Catherine Mack', 'Omnis cupiditate cum', 'Sint enim est velit', '2024-05-11 13:41:18', '2024-05-11 15:53:18', 'Rerum qui eu cum eiu', '15:27:00', 'Consequatur Ut dolo', NULL, 'Maxime quia distinct', '2025-04-14', 5),
	('633729', 'Business', 'Sabah', 'Sabah', '2024-01-05 07:48:14', '2024-05-11 13:48:59', 'A worker died from an electric shock.', '15:46:00', 'A worker died after being subjected to an electric shock, while performing tasks to lift and move pipes using a truck-mounted crane that came into close proximity with overhead electrical lines.', 'incident-image/incident_633729_', '1. There is no safe work procedure for pipe lifting using a crane.\r\n2. There is no supervision during pipe lifting and transfer work.', '2025-05-04', 5),
	('687570', 'Maggie Cotton', 'Est ipsam quos alia', 'Voluptate animi del', '2024-06-12 20:58:10', '2024-06-12 20:58:10', 'Dolor dolor omnis la', '16:23:00', 'Unde maxime fugiat', 'incident-image/incident_687570_', 'Consectetur saepe s', '2020-03-31', 7),
	('744815', 'Amir Knight', 'Earum labore laborio', 'Vel dolores voluptas', '2024-05-11 13:18:55', '2024-05-11 13:18:55', 'Autem adipisci lauda', '02:20:00', 'Commodi distinctio', NULL, 'Molestiae qui omnis', '2024-05-02', 5),
	('826013', 'Utilities: Electricity', 'Kelantan', 'Electricity Building', '2024-01-02 10:05:40', '2024-05-11 21:25:40', 'A worker was injured after being stung by a swarm of bees.', '14:59:00', 'A worker was injured after being attacked and stung by a swarm of bees while performing electrical wire redirection tasks.', 'incident-image/incident_826013_', 'To improve safety procedures involving the risk of bee attacks (biological hazard).', '2025-02-10', 5),
	('902769', 'Manufacturing', 'PP', 'Pulau Pinang.', '2024-01-05 07:43:04', '2024-05-11 21:11:18', 'Worker dies after being hit by a forklift.', '12:34:00', 'A worker died after being hit by a forklift while the victim was on the way to work', 'incident-image/incident_902769_', '1. There is no separation between the workers pathway and the forklift lane.\r\n2. The narrow pathway in the accident area is used by everyone without proper traffic control.', '2025-03-15', 5),
	('910473', 'Jakeem Sandoval', 'Quis nesciunt nobis', 'Eos odit non velit c', '2024-05-11 13:47:50', '2024-05-11 13:47:50', 'Dolore cupiditate om', '08:58:00', 'Sit libero temporibu', NULL, 'Occaecat non asperna', '2025-05-30', 5);

-- Dumping structure for table isms3.incident_investigation_part_a
CREATE TABLE IF NOT EXISTS `incident_investigation_part_a` (
  `id` bigint unsigned NOT NULL AUTO_INCREMENT,
  `created_at` timestamp NULL DEFAULT NULL,
  `updated_at` timestamp NULL DEFAULT NULL,
  `hirarc_id` bigint unsigned DEFAULT NULL,
  `reportNo` varchar(255) CHARACTER SET utf8mb4 COLLATE utf8mb4_unicode_ci NOT NULL,
  `investigation_team` text CHARACTER SET utf8mb4 COLLATE utf8mb4_unicode_ci NOT NULL,
  `incident_category` varchar(255) CHARACTER SET utf8mb4 COLLATE utf8mb4_unicode_ci NOT NULL,
  `incidentWhenAndWhere` varchar(255) CHARACTER SET utf8mb4 COLLATE utf8mb4_unicode_ci NOT NULL,
  `incident_desc` varchar(255) CHARACTER SET utf8mb4 COLLATE utf8mb4_unicode_ci NOT NULL,
  `property_damage` varchar(255) CHARACTER SET utf8mb4 COLLATE utf8mb4_unicode_ci NOT NULL,
  `investigation_findings` text CHARACTER SET utf8mb4 COLLATE utf8mb4_unicode_ci NOT NULL,
  `status` varchar(255) CHARACTER SET utf8mb4 COLLATE utf8mb4_unicode_ci NOT NULL,
  `project_site` text CHARACTER SET utf8mb4 COLLATE utf8mb4_unicode_ci NOT NULL,
  `incident_drawing` text CHARACTER SET utf8mb4 COLLATE utf8mb4_unicode_ci NOT NULL,
  `interview_victims_or_witness` tinyint(1) NOT NULL DEFAULT '0',
  `incident_explanation` text CHARACTER SET utf8mb4 COLLATE utf8mb4_unicode_ci NOT NULL,
  `submitted_by` text CHARACTER SET utf8mb4 COLLATE utf8mb4_unicode_ci,
  PRIMARY KEY (`id`),
  KEY `incident_investigation_part_a_hirarc_id_foreign` (`hirarc_id`),
  KEY `incident_investigation_part_a_reportno_foreign` (`reportNo`),
  CONSTRAINT `incident_investigation_part_a_hirarc_id_foreign` FOREIGN KEY (`hirarc_id`) REFERENCES `hirarc_tbl` (`hirarc_id`) ON DELETE SET NULL,
  CONSTRAINT `incident_investigation_part_a_reportno_foreign` FOREIGN KEY (`reportNo`) REFERENCES `incidents` (`reportNo`)
) ENGINE=InnoDB AUTO_INCREMENT=9 DEFAULT CHARSET=utf8mb4 COLLATE=utf8mb4_unicode_ci;

-- Dumping data for table isms3.incident_investigation_part_a: ~6 rows (approximately)
INSERT INTO `incident_investigation_part_a` (`id`, `created_at`, `updated_at`, `hirarc_id`, `reportNo`, `investigation_team`, `incident_category`, `incidentWhenAndWhere`, `incident_desc`, `property_damage`, `investigation_findings`, `status`, `project_site`, `incident_drawing`, `interview_victims_or_witness`, `incident_explanation`, `submitted_by`) VALUES
	(1, '2024-05-19 03:07:56', '2024-05-20 04:06:12', 83, '161057', '["AnasSHO","Amir","Hilmi"]', 'Fatal', 'The incident occurred on 21-05-2025 at 13:12:00. It occurred at Sarawak.', 'A fifth-grade student died after being struck by a goalpost while hanging from it.', 'Goalpost has broken.', 'The goalpost is already rusty and on the end of being broken.', 'Finished', 'incident-investigation/project_site/project_site_161057_', 'incident-investigation/incident_drawing/incident_drawing161057_', 1, 'Kid was hanging on a broken and rusty goalpost which eventually broke and cause the fall.', '/storage/incident-investigation/submitted_by/submitted_by_161057_/submitted_by_1716149172.png'),
	(2, '2024-05-20 01:43:16', '2024-05-20 01:45:53', 84, '166886', '["AnasSHO","Anas","Hilmi"]', 'Fatal', 'The incident occurred on 05-05-2025 at 15:06:00. It occurred at Voluptatum incidunt.', 'Officiis nemo iusto', 'aaaaaaaa', 'ccccc', 'Finished', 'incident-investigation/project_site/project_site_166886_', 'incident-investigation/incident_drawing/incident_drawing166886_', 1, 'bbbb', ''),
	(4, '2024-05-22 15:12:27', '2024-05-22 15:12:43', 83, '633729', '["AnasPM","AnasSHO","AnasSV"]', 'Fatal', 'The incident occurred on 04-05-2025 at 15:46:00. It occurred at Sabah.', 'A worker died after being subjected to an electric shock, while performing tasks to lift and move pipes using a truck-mounted crane that came into close proximity with overhead electrical lines.', 'Broken pipe and broken electrial line.', 'Inadequate safety measures were not performed.', 'Finished', 'incident-investigation/project_site/project_site_633729_', 'incident-investigation/incident_drawing/incident_drawing633729_', 1, 'The incident likely occurred when a worker using a truck-mounted crane to move pipes brought it too close to overhead electrical lines. This caused electricity to arc to the crane, creating a conductive path through the equipment and the worker, resulting in a fatal electric shock. Contributing factors included misjudgment of distance, inadequate safety measures, and possibly poor visibility. This underscores the need for strict safety protocols when working near high-voltage lines.', '/storage/incident-investigation/submitted_by/submitted_by_633729_/submitted_by_1716361963.png'),
	(5, '2024-05-23 02:10:21', '2024-05-23 02:32:41', 83, '744815', '["AnasSV","AnasSHO"]', 'Fatal', 'Illum sunt molesti', 'Ex suscipit atque ma', 'Quia ipsa fugiat et', 'Quas consequatur acc', 'Finished', 'incident-investigation/project_site/project_site_744815_', 'incident-investigation/incident_drawing/incident_drawing744815_', 1, 'Incidunt fugit odi', '/storage/incident-investigation/submitted_by/submitted_by_744815_/submitted_by_1716402761.png'),
	(6, '2024-05-23 03:26:19', '2024-05-23 03:27:14', 83, '826013', '["AnasSHO"]', 'Poisoning', 'Pariatur Dolores re', 'Culpa culpa enim vo', 'Voluptas mollit nihi', 'Quod quo perferendis', 'Finished', '', '', 1, 'Doloremque consequat', '/storage/incident-investigation/submitted_by/submitted_by_826013_/submitted_by_1716406034.png'),
	(7, '2024-05-26 10:10:06', '2024-05-26 10:12:57', 83, '361568', '["AnasSHO","Amir","Hilmi"]', 'Fatal', 'The incident occurred on 14-04-2025 at 15:27:00. It occurred at Sint enim est velit.', 'Consequatur Ut dolo', 'Goalpost has broken.', 'xxxxx', 'Finished', 'incident-investigation/project_site/project_site_361568_', 'incident-investigation/incident_drawing/incident_drawing361568_', 1, 'DIa kena himpap ke', '/storage/incident-investigation/submitted_by/submitted_by_361568_/submitted_by_1716689577.png'),
	(8, '2024-06-12 21:04:18', '2024-06-12 21:07:05', 83, '910473', '["Anastazry Encem","AnasSHO"]', 'Fatal', 'The incident occurred on 30-05-2025 at 08:58:00. It occurred at Eos odit non velit c.', 'Sit libero temporibu', 'Broken pipe and broken electrial line.', 'The person was careless.', 'Finished', 'incident-investigation/project_site/project_site_910473_', 'incident-investigation/incident_drawing/incident_drawing910473_', 1, 'The person fell into the patty maker.', '/storage/incident-investigation/submitted_by/submitted_by_910473_/submitted_by_1718197625.png');

-- Dumping structure for table isms3.incident_investigation_part_b
CREATE TABLE IF NOT EXISTS `incident_investigation_part_b` (
  `id` bigint unsigned NOT NULL AUTO_INCREMENT,
  `created_at` timestamp NULL DEFAULT NULL,
  `updated_at` timestamp NULL DEFAULT NULL,
  `investigation_a_id` bigint unsigned DEFAULT NULL,
  `ncr` text CHARACTER SET utf8mb4 COLLATE utf8mb4_unicode_ci NOT NULL,
  `mitigative_actions` text CHARACTER SET utf8mb4 COLLATE utf8mb4_unicode_ci NOT NULL,
  `cont_improve` text CHARACTER SET utf8mb4 COLLATE utf8mb4_unicode_ci NOT NULL,
  `penalty` text CHARACTER SET utf8mb4 COLLATE utf8mb4_unicode_ci NOT NULL,
  `safety_comittee_know` tinyint(1) NOT NULL DEFAULT '0',
  `pm_know` tinyint(1) NOT NULL DEFAULT '0',
  `staff_know` tinyint(1) NOT NULL DEFAULT '0',
  `others_know` tinyint(1) NOT NULL DEFAULT '0',
  `sho_signature` text CHARACTER SET utf8mb4 COLLATE utf8mb4_unicode_ci,
  `sho_signature_date` date DEFAULT NULL,
  `sho_id` bigint unsigned DEFAULT NULL,
  PRIMARY KEY (`id`),
  KEY `incident_investigation_part_b_investigation_a_id_foreign` (`investigation_a_id`),
  KEY `incident_investigation_part_b_sho_id_foreign` (`sho_id`),
  CONSTRAINT `incident_investigation_part_b_investigation_a_id_foreign` FOREIGN KEY (`investigation_a_id`) REFERENCES `incident_investigation_part_a` (`id`),
  CONSTRAINT `incident_investigation_part_b_sho_id_foreign` FOREIGN KEY (`sho_id`) REFERENCES `users` (`id`)
) ENGINE=InnoDB AUTO_INCREMENT=8 DEFAULT CHARSET=utf8mb4 COLLATE=utf8mb4_unicode_ci;

-- Dumping data for table isms3.incident_investigation_part_b: ~6 rows (approximately)
INSERT INTO `incident_investigation_part_b` (`id`, `created_at`, `updated_at`, `investigation_a_id`, `ncr`, `mitigative_actions`, `cont_improve`, `penalty`, `safety_comittee_know`, `pm_know`, `staff_know`, `others_know`, `sho_signature`, `sho_signature_date`, `sho_id`) VALUES
	(1, '2024-05-20 21:22:02', '2024-05-20 22:48:11', 1, '["Revise the maintenance schedule to ensure more frequent and thorough checks","Implement a new monitoring system to track adherence to the maintenance schedule and provide alerts for upcoming tasks","Implement a new monitoring system to track adherence to the maintenance schedule and provide alerts for upcoming task"]', '["Develop a contingency plan to minimize production downtime in case of machine failure.","Create a budget allocation for emergency repairs to ensure quick financial response.","Conduct regular safety drills and simulations to ensure that employees are prepared to handle emergencies efficiently and effectively"]', '["Develop and implement a comprehensive training program focused on machine operation and maintenance to ensure all employees are adequately trained on new and ex","Conduct regular safety drills and simulations to ensure that employees are prepared to handle emergencies efficiently and effectively"]', '["John Doe will receive a formal written warning for failing to adhere to the safety procedures.","Jane Smith will be suspended for three days without pay for failing to enforce safety procedures during her shift."]', 1, 1, 1, 0, '/storage/incident-investigation/partb/shosignature/signed_by161057_/signed_by_1716211322.png', '2024-05-20', 5),
	(2, '2024-05-21 00:12:03', '2024-05-21 00:18:50', 2, '["aaa"]', '["aaaa"]', '["aaa"]', '["aaaa"]', 1, 1, 1, 1, '/storage/incident-investigation/partb/shosignature/signed_by166886_/signed_by_1716221930.png', '2024-05-20', 5),
	(3, '2024-05-22 15:22:07', '2024-05-22 15:24:13', 4, '["Maintain Safe Distances: Establish and enforce clear safety zones around overhead electrical lines, ensuring cranes and other equipment stay a safe distance away.","Ensure cranes and other heavy equipment are properly grounded when operating near electrical lines."]', '["Install physical barriers or insulating devices to prevent crane contact with overhead electrical lines.","Implement proximity sensors or alarms on cranes to alert operators when nearing electrical lines."]', '["Explore advancements in crane technology, such as enhanced proximity detection systems or automated collision avoidance features.","Continuously update training programs to incorporate the latest safety practices, equipment operation techniques, and hazard recognition skills"]', '["Azwan could face a temporary or permanent suspension from work, along with being required to undergo additional safety training, and potential legal repercussions based on negligence.","Amir, if responsible for supervising Azwan or ensuring safety protocols, might face similar penalties as Azwan, with potential for demotion or termination depending on severity, and legal consequences if found liable for negligence."]', 1, 1, 1, 1, '/storage/incident-investigation/partb/shosignature/signed_by633729_/signed_by_1716362653.png', '2024-05-22', 5),
	(4, '2024-05-23 02:11:25', '2024-05-23 02:43:49', 5, '["Tenetur voluptatem e","Harum ea aut laborio"]', '["Cillum omnis ipsum","Laboriosam minim au"]', '["Et dolore ducimus a"]', '["Provident duis quis"]', 1, 1, 1, 1, '/storage/incident-investigation/partb/shosignature/signed_by744815_/signed_by_1716403214.png', '2024-05-23', 5),
	(5, '2024-05-23 03:26:24', '2024-05-23 03:26:51', 6, '[]', '[]', '[]', '[]', 0, 0, 0, 0, NULL, '2024-05-23', 5),
	(6, '2024-05-26 10:11:50', '2024-05-26 10:11:50', 7, '["aaaaa","bb"]', '["aaa"]', '["bbzzz"]', '["Anas kena denda"]', 1, 1, 1, 1, '/storage/incident-investigation/partb/shosignature/signed_by361568_/signed_by_1716689510.png', '2024-05-26', 5),
	(7, '2024-06-12 21:06:40', '2024-06-12 21:06:40', 8, '["Exercitation delenit"]', '["Quis non nisi except"]', '["Vel dicta alias id"]', '["Sint minus non in co"]', 1, 1, 1, 1, '/storage/incident-investigation/partb/shosignature/signed_by910473_/signed_by_1718197600.png', '2013-01-30', 7);

-- Dumping structure for table isms3.injured_people
CREATE TABLE IF NOT EXISTS `injured_people` (
  `id` bigint unsigned NOT NULL AUTO_INCREMENT,
  `incident_id` varchar(255) CHARACTER SET utf8mb4 COLLATE utf8mb4_unicode_ci DEFAULT NULL,
  `injured_name` varchar(255) CHARACTER SET utf8mb4 COLLATE utf8mb4_unicode_ci DEFAULT NULL,
  `injured_ic` varchar(255) CHARACTER SET utf8mb4 COLLATE utf8mb4_unicode_ci DEFAULT NULL,
  `injured_nationality` varchar(255) CHARACTER SET utf8mb4 COLLATE utf8mb4_unicode_ci DEFAULT NULL,
  `injured_company` varchar(255) CHARACTER SET utf8mb4 COLLATE utf8mb4_unicode_ci DEFAULT NULL,
  `injured_trades` varchar(255) CHARACTER SET utf8mb4 COLLATE utf8mb4_unicode_ci DEFAULT NULL,
  `total_lost_days` int DEFAULT NULL,
  `incident_type` varchar(255) CHARACTER SET utf8mb4 COLLATE utf8mb4_unicode_ci DEFAULT NULL,
  `created_at` timestamp NULL DEFAULT NULL,
  `updated_at` timestamp NULL DEFAULT NULL,
  `user_id` bigint unsigned DEFAULT NULL,
  PRIMARY KEY (`id`),
  KEY `injured_people_incident_id_foreign` (`incident_id`),
  KEY `injured_people_user_id_foreign` (`user_id`),
  CONSTRAINT `injured_people_incident_id_foreign` FOREIGN KEY (`incident_id`) REFERENCES `incidents` (`reportNo`),
  CONSTRAINT `injured_people_user_id_foreign` FOREIGN KEY (`user_id`) REFERENCES `users` (`id`) ON DELETE SET NULL
) ENGINE=InnoDB AUTO_INCREMENT=200 DEFAULT CHARSET=utf8mb4 COLLATE=utf8mb4_unicode_ci;

-- Dumping data for table isms3.injured_people: ~14 rows (approximately)
INSERT INTO `injured_people` (`id`, `incident_id`, `injured_name`, `injured_ic`, `injured_nationality`, `injured_company`, `injured_trades`, `total_lost_days`, `incident_type`, `created_at`, `updated_at`, `user_id`) VALUES
	(183, '744815', 'Amethyst Delaney', 'Beatae recusandae E', 'Labore ut minima cum', 'Poole and Bates Traders', 'Assumenda ullamco ea', 6, 'Fatality', '2024-05-11 13:18:55', '2024-05-11 13:18:55', 5),
	(184, '744815', 'Cyrus Taylor', 'Eu ut esse dolorem', 'Ex et fugiat vel vo', 'Cline and Pace Traders', 'Quasi in est unde mi', 5, 'Injury', '2024-05-11 13:18:55', '2024-05-11 13:18:55', 5),
	(187, '910473', 'Jasmine Arnold', 'Vel beatae tempor ap', 'Tempora itaque offic', 'Vaughn and Pierce LLC', 'Ut repudiandae et ex', 4, 'Fatality', '2024-05-11 13:47:50', '2024-05-11 13:47:50', 5),
	(188, '910473', 'Palmer Salas', 'Vero ex quis atque e', 'Unde aperiam eos acc', 'Rocha Anthony Trading', 'Voluptate possimus', 3, 'Poisoning/Disease', '2024-05-11 13:47:50', '2024-05-11 13:47:50', 5),
	(189, '161057', 'Ahmad', '981129-90832', 'Indon', 'UTHM', 'Uni', 22, 'Death', '2024-05-11 13:48:17', '2024-05-11 13:48:17', 3),
	(190, '161057', 'Azfar', '1231231231', 'Malaysia', 'UTHM', 'Uni', 1, 'Near Miss', '2024-05-11 13:48:17', '2024-05-11 13:48:17', 5),
	(191, '633729', 'Matpet', '112233-00-1133', 'Bangladesh', 'Disclosed', 'Electrician', 3, 'Fatality', '2024-05-11 13:48:59', '2024-05-11 13:48:59', 5),
	(192, '633729', 'aaa', '1231231231', 'Indon', 'UTHM', 'Uni', 4, 'Fatality', '2024-05-11 13:48:59', '2024-05-11 13:48:59', 5),
	(193, '166886', 'Samson Mccullough', 'Omnis amet do repel', 'Ut non itaque ducimu', 'Allen Harrington LLC', 'Sed maxime proident', 1, 'Injury', '2024-05-11 15:22:28', '2024-05-11 15:22:28', 2),
	(194, '361568', 'Hedy Hawkins', 'In nulla id quasi ex', 'Necessitatibus corpo', 'Odom and Rose Trading', 'Reprehenderit nesci', 4, 'Injury', '2024-05-11 15:53:18', '2024-05-11 15:53:18', 2),
	(195, '361568', 'Taylor Caldwell', 'Dolorem dolor eiusmo', 'Doloremque et aspern', 'Lewis and Morin Traders', 'Ipsam nihil culpa q', 3, 'Poisoning/Disease', '2024-05-11 15:53:18', '2024-05-11 15:53:18', 2),
	(196, '902769', 'Azfar', '631211-08-6321', 'Pakistan', 'Disclosed', 'Worker', 0, 'Fatality', '2024-05-11 21:11:18', '2024-05-11 21:11:18', 5),
	(197, '826013', 'Aiman Kecek Kelate', '001112-09-5329', 'Malaysia', 'TNB', 'Electrician', 30, 'Lost Time', '2024-05-11 21:25:40', '2024-05-11 21:25:40', 5),
	(199, '687570', 'Charlotte Walters', 'Nesciunt amet expe', 'Voluptas incididunt', 'Cleveland and Gibbs Plc', 'Nam aliquip qui corp', 28, 'Non-Lost Time', '2024-06-12 20:59:22', '2024-06-12 20:59:22', 7);

-- Dumping structure for table isms3.migrations
CREATE TABLE IF NOT EXISTS `migrations` (
  `id` int unsigned NOT NULL AUTO_INCREMENT,
  `migration` varchar(255) CHARACTER SET utf8mb4 COLLATE utf8mb4_unicode_ci NOT NULL,
  `batch` int NOT NULL,
  PRIMARY KEY (`id`)
) ENGINE=InnoDB AUTO_INCREMENT=74 DEFAULT CHARSET=utf8mb4 COLLATE=utf8mb4_unicode_ci;

-- Dumping data for table isms3.migrations: ~39 rows (approximately)
INSERT INTO `migrations` (`id`, `migration`, `batch`) VALUES
	(31, '2014_10_12_000000_create_users_table', 1),
	(32, '2014_10_12_100000_create_password_reset_tokens_table', 1),
	(33, '2019_08_19_000000_create_failed_jobs_table', 1),
	(34, '2019_12_14_000001_create_personal_access_tokens_table', 1),
	(35, '2023_11_25_082808_create_table_table', 1),
	(36, '2023_11_29_151706_add_first_time_status_column_to_users_table', 1),
	(37, '2023_12_29_164911_create_witness_details_table', 2),
	(38, '2023_12_29_164838_create_injured_people_table', 3),
	(39, '2023_12_30_043939_add_new_column_to_incidents_table', 4),
	(40, '2023_12_30_065128_modify_incident_image_column_on_incidents_table', 5),
	(41, '2023_12_30_090247_modify_incident_image_column_on_injured_people_table', 6),
	(43, '2024_03_30_133454_create_titlepage_tbl', 7),
	(44, '2024_03_30_143238_create_hirarc_tbl', 8),
	(45, '2024_03_30_150645_create_hazard_identify_tbl', 9),
	(47, '2024_03_30_153103_create_control_tbl', 11),
	(48, '2024_01_02_144825_add_user_id_to_incidents_table', 12),
	(49, '2024_03_30_151702_create_risk_assesment_tbl', 13),
	(50, '2024_03_31_040118_add_verification_date_to_titlepage_tbl_table', 14),
	(51, '2024_03_31_154434_add_hazard_id_to_risk_assessment_tbl', 15),
	(52, '2024_04_02_083657_create_hirarc_report_tbl', 16),
	(53, '2024_04_02_171238_add_updated_at_to_table_hirarc_report_tbl', 17),
	(54, '2024_04_02_185007_add_hirarc_id_to_control_tbl', 18),
	(55, '2024_04_02_201921_change_status_column_type_in_control_tbl', 19),
	(56, '2024_04_02_211251_reset_table_data', 20),
	(58, '2024_04_02_213444_reset_table2_data', 21),
	(59, '2024_04_24_114940_add_inspection_date_to_hirarc_tbl', 22),
	(60, '2024_04_24_145802_remove_finish_date_from_control_tbl', 23),
	(61, '2024_04_24_155339_add_user_signature_to_users', 24),
	(62, '2024_04_24_230946_add_prepared_by_signature_to_hirarc_tbl', 25),
	(63, '2024_04_27_122450_remove_insp_date_column_titlepage_tbl', 26),
	(64, '2024_04_28_115050_modify_titlepage_tbl_set_attr_nullable', 27),
	(65, '2024_04_30_224303_modify_control_tbl', 28),
	(66, '2024_05_03_123547_create_audits_table', 29),
	(68, '2024_05_19_010341_add_report_no_reference_to_incident_investigation_part_a_table', 30),
	(69, '2024_05_19_153537_add_incident_desc_to_incident_investigation_part_a_table', 31),
	(70, '2024_05_20_021230_add_submittedby_to_incident_investigation_part_a_table', 32),
	(71, '2024_05_20_171930_create_incident_investigation_part_b_table', 33),
	(72, '2024_05_21_010214_modify_incident_investigation_part_b_table', 34),
	(73, '2024_05_22_151625_modify_nullable_incident_investigation_part_b_table', 35);

-- Dumping structure for table isms3.password_reset_tokens
CREATE TABLE IF NOT EXISTS `password_reset_tokens` (
  `email` varchar(255) CHARACTER SET utf8mb4 COLLATE utf8mb4_unicode_ci NOT NULL,
  `token` varchar(255) CHARACTER SET utf8mb4 COLLATE utf8mb4_unicode_ci NOT NULL,
  `created_at` timestamp NULL DEFAULT NULL,
  PRIMARY KEY (`email`)
) ENGINE=InnoDB DEFAULT CHARSET=utf8mb4 COLLATE=utf8mb4_unicode_ci;

-- Dumping data for table isms3.password_reset_tokens: ~0 rows (approximately)

-- Dumping structure for table isms3.personal_access_tokens
CREATE TABLE IF NOT EXISTS `personal_access_tokens` (
  `id` bigint unsigned NOT NULL AUTO_INCREMENT,
  `tokenable_type` varchar(255) CHARACTER SET utf8mb4 COLLATE utf8mb4_unicode_ci NOT NULL,
  `tokenable_id` bigint unsigned NOT NULL,
  `name` varchar(255) CHARACTER SET utf8mb4 COLLATE utf8mb4_unicode_ci NOT NULL,
  `token` varchar(64) CHARACTER SET utf8mb4 COLLATE utf8mb4_unicode_ci NOT NULL,
  `abilities` text CHARACTER SET utf8mb4 COLLATE utf8mb4_unicode_ci,
  `last_used_at` timestamp NULL DEFAULT NULL,
  `expires_at` timestamp NULL DEFAULT NULL,
  `created_at` timestamp NULL DEFAULT NULL,
  `updated_at` timestamp NULL DEFAULT NULL,
  PRIMARY KEY (`id`),
  UNIQUE KEY `personal_access_tokens_token_unique` (`token`),
  KEY `personal_access_tokens_tokenable_type_tokenable_id_index` (`tokenable_type`,`tokenable_id`)
) ENGINE=InnoDB DEFAULT CHARSET=utf8mb4 COLLATE=utf8mb4_unicode_ci;

-- Dumping data for table isms3.personal_access_tokens: ~0 rows (approximately)

-- Dumping structure for table isms3.risk_assesment_tbl
CREATE TABLE IF NOT EXISTS `risk_assesment_tbl` (
  `risk_id` bigint unsigned NOT NULL AUTO_INCREMENT,
  `hirarc_id` bigint unsigned DEFAULT NULL,
  `risk_desc` varchar(255) CHARACTER SET utf8mb4 COLLATE utf8mb4_unicode_ci NOT NULL,
  `current_control` varchar(255) CHARACTER SET utf8mb4 COLLATE utf8mb4_unicode_ci NOT NULL,
  `likelihood` int NOT NULL,
  `severity` int NOT NULL,
  `score` int NOT NULL,
  `index` varchar(255) CHARACTER SET utf8mb4 COLLATE utf8mb4_unicode_ci NOT NULL,
  `created_at` timestamp NULL DEFAULT NULL,
  `updated_at` timestamp NULL DEFAULT NULL,
  `hazard_id` bigint unsigned DEFAULT NULL,
  PRIMARY KEY (`risk_id`),
  KEY `risk_assesment_tbl_hirarc_id_foreign` (`hirarc_id`),
  KEY `risk_assesment_tbl_hazard_id_foreign` (`hazard_id`),
  CONSTRAINT `risk_assesment_tbl_hazard_id_foreign` FOREIGN KEY (`hazard_id`) REFERENCES `hazard_identify_tbl` (`hazard_id`) ON DELETE SET NULL,
  CONSTRAINT `risk_assesment_tbl_hirarc_id_foreign` FOREIGN KEY (`hirarc_id`) REFERENCES `hirarc_tbl` (`hirarc_id`) ON DELETE SET NULL
) ENGINE=InnoDB AUTO_INCREMENT=101 DEFAULT CHARSET=utf8mb4 COLLATE=utf8mb4_unicode_ci;

-- Dumping data for table isms3.risk_assesment_tbl: ~16 rows (approximately)
INSERT INTO `risk_assesment_tbl` (`risk_id`, `hirarc_id`, `risk_desc`, `current_control`, `likelihood`, `severity`, `score`, `index`, `created_at`, `updated_at`, `hazard_id`) VALUES
	(75, 81, '33', '33', 3, 3, 9, 'M', '2024-04-29 17:23:09', '2024-04-29 17:23:09', 89),
	(76, 82, '2', '2', 5, 2, 10, 'M', '2024-04-29 17:37:35', '2024-04-29 17:37:35', 90),
	(77, 83, 'Tripping by obstruct material', '+short briefing before work\r\n+use proper PPE', 2, 3, 6, 'M', '2024-04-30 14:40:48', '2024-04-30 14:40:48', 91),
	(78, 83, 'Minor Injury', '+toolbox briefing\r\n+use trained workers\r\n+short briefing before work\r\n+use proper PPE', 2, 2, 4, 'L', '2024-04-30 14:40:48', '2024-04-30 14:40:48', 92),
	(79, 83, '+physical injury\r\n+material damage', '+toolbox briefing\r\n+use trained workers\r\n+housekeeping work\r\n+any tools need to be secure', 3, 3, 9, 'M', '2024-04-30 14:40:48', '2024-04-30 14:40:48', 93),
	(80, 83, '+physical injury\r\n+material damage', '+toolbox briefing\r\n+use trained workers\r\n+housekeeping work\r\n+any tools need to be secure', 3, 3, 9, 'M', '2024-05-01 05:15:56', '2024-05-01 05:15:56', 94),
	(81, 83, '+physical injury\r\n+material damage', '+toolbox briefing\r\n+use trained workers\r\n+housekeeping work\r\n+any tools need to be secure', 3, 3, 9, 'M', '2024-05-01 05:16:50', '2024-05-01 05:16:50', 94),
	(82, 83, '+physical injury\r\n+material damage', '+toolbox briefing\r\n+use trained workers\r\n+housekeeping work\r\n+any tools need to be secure', 3, 3, 9, 'M', '2024-05-01 05:17:10', '2024-05-01 05:17:10', 94),
	(83, 83, '+physical injury\r\n+material damage', '+toolbox briefing\r\n+use trained workers\r\n+housekeeping work\r\n+any tools need to be secure', 3, 3, 9, 'M', '2024-05-01 05:17:34', '2024-05-01 05:17:34', 94),
	(84, 84, 'JANUARY', 'JANUARY', 2, 2, 4, 'L', '2024-05-01 15:13:45', '2024-05-01 15:13:45', 95),
	(86, 86, '22', '22', 2, 2, 4, 'L', '2024-05-03 03:32:22', '2024-05-03 03:32:22', 97),
	(87, 90, '4', '4', 4, 4, 16, 'H', '2024-05-04 21:19:23', '2024-05-04 21:19:44', 100),
	(90, 90, '2', '2', 2, 2, 4, 'L', '2024-05-04 23:21:52', '2024-05-04 23:21:52', 105),
	(96, 147, '3', '3', 3, 3, 9, 'M', '2024-05-30 02:45:15', '2024-05-30 02:45:15', 112),
	(97, 147, '3', '3', 3, 3, 9, 'M', '2024-05-30 02:47:35', '2024-05-30 02:47:35', 112),
	(98, 147, '3', '3', 3, 3, 9, 'M', '2024-05-30 02:47:57', '2024-05-30 02:47:57', 112);

-- Dumping structure for table isms3.table
CREATE TABLE IF NOT EXISTS `table` (
  `id` bigint unsigned NOT NULL AUTO_INCREMENT,
  `created_at` timestamp NULL DEFAULT NULL,
  `updated_at` timestamp NULL DEFAULT NULL,
  PRIMARY KEY (`id`)
) ENGINE=InnoDB DEFAULT CHARSET=utf8mb4 COLLATE=utf8mb4_unicode_ci;

-- Dumping data for table isms3.table: ~0 rows (approximately)

-- Dumping structure for table isms3.titlepage_tbl
CREATE TABLE IF NOT EXISTS `titlepage_tbl` (
  `tpage_id` bigint unsigned NOT NULL AUTO_INCREMENT,
  `verified_by` varchar(255) CHARACTER SET utf8mb4 COLLATE utf8mb4_unicode_ci DEFAULT NULL,
  `ver_signature_image` varchar(255) CHARACTER SET utf8mb4 COLLATE utf8mb4_unicode_ci DEFAULT NULL,
  `approval_date` date DEFAULT NULL,
  `approved_by` varchar(255) CHARACTER SET utf8mb4 COLLATE utf8mb4_unicode_ci DEFAULT NULL,
  `appr_signature_img` varchar(255) CHARACTER SET utf8mb4 COLLATE utf8mb4_unicode_ci DEFAULT NULL,
  `user_id` bigint unsigned DEFAULT NULL,
  `created_at` timestamp NULL DEFAULT NULL,
  `updated_at` timestamp NULL DEFAULT NULL,
  `verification_date` date DEFAULT NULL,
  PRIMARY KEY (`tpage_id`)
) ENGINE=InnoDB AUTO_INCREMENT=40 DEFAULT CHARSET=utf8mb4 COLLATE=utf8mb4_unicode_ci;

-- Dumping data for table isms3.titlepage_tbl: ~2 rows (approximately)
INSERT INTO `titlepage_tbl` (`tpage_id`, `verified_by`, `ver_signature_image`, `approval_date`, `approved_by`, `appr_signature_img`, `user_id`, `created_at`, `updated_at`, `verification_date`) VALUES
	(36, 'AnasSHO', '/storage/signatures/verifiedby/signature_verifiedby1714539912.png', '2024-05-17', 'AnasPM', '/storage/signatures/approvedby/signature_approvedby1714539888.png', 5, '2024-05-01 05:04:48', '2024-05-01 05:05:12', '2024-05-01'),
	(38, 'AnasSHO', '/storage/signatures/verifiedby/signature_verifiedby1715973633.png', '2024-06-12', 'AnasPM', '/storage/signatures/approvedby/signature_approvedby1718197979.png', 3, '2024-05-18 03:20:33', '2024-06-12 21:12:59', '2024-05-07'),
	(39, 'Anastazry Encem', '/storage/signatures/verifiedby/signature_verifiedby1718197914.png', NULL, NULL, NULL, 7, '2024-06-12 21:11:54', '2024-06-12 21:11:54', '2024-06-12');

-- Dumping structure for table isms3.users
CREATE TABLE IF NOT EXISTS `users` (
  `id` bigint unsigned NOT NULL AUTO_INCREMENT,
  `name` varchar(255) CHARACTER SET utf8mb4 COLLATE utf8mb4_unicode_ci NOT NULL,
  `email` varchar(255) CHARACTER SET utf8mb4 COLLATE utf8mb4_unicode_ci NOT NULL,
  `worker_id` varchar(255) CHARACTER SET utf8mb4 COLLATE utf8mb4_unicode_ci DEFAULT NULL,
  `email_verified_at` timestamp NULL DEFAULT NULL,
  `password` varchar(255) CHARACTER SET utf8mb4 COLLATE utf8mb4_unicode_ci NOT NULL,
  `phone_no` varchar(255) CHARACTER SET utf8mb4 COLLATE utf8mb4_unicode_ci NOT NULL,
  `role` varchar(255) CHARACTER SET utf8mb4 COLLATE utf8mb4_unicode_ci NOT NULL DEFAULT 'user',
  `remember_token` varchar(100) CHARACTER SET utf8mb4 COLLATE utf8mb4_unicode_ci DEFAULT NULL,
  `created_at` timestamp NULL DEFAULT NULL,
  `updated_at` timestamp NULL DEFAULT NULL,
  `first_time_status` int NOT NULL DEFAULT '1',
  `accessToken` int NOT NULL DEFAULT '1',
  `profile_photo` varchar(255) CHARACTER SET utf8mb4 COLLATE utf8mb4_unicode_ci DEFAULT NULL,
  `user_signature` varchar(255) CHARACTER SET utf8mb4 COLLATE utf8mb4_unicode_ci DEFAULT NULL,
  PRIMARY KEY (`id`),
  UNIQUE KEY `users_email_unique` (`email`),
  UNIQUE KEY `users_worker_id_unique` (`worker_id`)
) ENGINE=InnoDB AUTO_INCREMENT=8 DEFAULT CHARSET=utf8mb4 COLLATE=utf8mb4_unicode_ci;

-- Dumping data for table isms3.users: ~6 rows (approximately)
INSERT INTO `users` (`id`, `name`, `email`, `worker_id`, `email_verified_at`, `password`, `phone_no`, `role`, `remember_token`, `created_at`, `updated_at`, `first_time_status`, `accessToken`, `profile_photo`, `user_signature`) VALUES
	(1, 'Anastazry', 'anastazry@gmail.com', 'ci200044', NULL, '$2y$12$P55ffMs1lpLikFbB70gRMO2fM2T5Q5XKuqF6Iq3RGJhmJtCp9tgh.', '0193890127', 'Admin', NULL, '2023-12-29 11:27:14', '2024-06-01 17:19:33', 0, 1, 'profile-1.jpg', NULL),
	(2, 'AnasSV', 'anastazrypeace@gmail.com', 'ci200033', NULL, '$2y$12$b5MDj1Q2zSraSNf0LwdkAO7fBVnbqpg7gzG9Peuw2FQ1lfse2EV/a', '0193890123', 'Supervisor', NULL, '2023-12-29 11:28:22', '2024-01-06 18:26:13', 0, 1, 'profile-2.jpg', NULL),
	(3, 'AnasPM', 'ci200044@student.uthm.edu.my', 'ci200011', NULL, '$2y$12$3pS3nfU9MW3eD4fcUnUI0OGrLCFHb2rVsrT1quSSjBgBgU4qIGtZy', '0193890120', 'Project Manager', NULL, '2023-12-31 00:16:17', '2024-04-24 08:07:12', 0, 1, 'profile-3.jpg', '/storage/signatures/usersignature/signature_verifiedby3.png'),
	(4, 'Anastazry Faidzli', 'anazizhere@gmail.com', 'ci200066', NULL, '$2y$12$Wa165i8cnmv3.HrRuJUM4uNERrYuxTNQCIYywH3bLWZmvR1tYIgs2', '0193890128', 'Supervisor', NULL, '2024-01-02 18:04:56', '2024-01-06 19:52:29', 1, 0, 'profile-4.jpg', NULL),
	(5, 'AnasSHO', 'camammaster@gmail.com', 'ci200022', NULL, '$2y$12$S.ZRpgHW1GVpaojzYotbYO54C0HNJ2eOcl48FB7DcSThslqeL6OtO', '0193890131', 'SHO', NULL, '2024-01-05 08:49:21', '2024-05-23 03:37:42', 0, 1, NULL, '/storage/signatures/usersignature/signature_verifiedby5.png'),
	(6, 'Anas', 'notoriousanazz@gmail.com', 'ci200088', NULL, '$2y$12$vL4tE94Wlz1RKrK93WlxluEzc8cdul8gPTGN2HnUfa2hdfMPJF8lC', '0193890124', 'Project Manager', NULL, '2024-01-06 19:54:08', '2024-01-06 19:54:08', 1, 1, NULL, NULL),
	(7, 'Anastazry Encem', 'camammasterthetruth@gmail.com', 'ci200091', NULL, '$2y$12$lRhKrypRYgydmBdmbsMEMeNmDMHciY1ePa/Y9LGR6oRnlNrA4Qdi.', '0193890122', 'SHO', NULL, '2024-06-12 20:45:58', '2024-06-12 20:48:52', 0, 1, NULL, NULL);

-- Dumping structure for table isms3.witness_details
CREATE TABLE IF NOT EXISTS `witness_details` (
  `id` bigint unsigned NOT NULL AUTO_INCREMENT,
  `user_id` bigint unsigned DEFAULT NULL,
  `incident_id` varchar(255) CHARACTER SET utf8mb4 COLLATE utf8mb4_unicode_ci DEFAULT NULL,
  `witness_name` varchar(255) CHARACTER SET utf8mb4 COLLATE utf8mb4_unicode_ci DEFAULT NULL,
  `witness_company` varchar(255) CHARACTER SET utf8mb4 COLLATE utf8mb4_unicode_ci DEFAULT NULL,
  `remarks` varchar(255) CHARACTER SET utf8mb4 COLLATE utf8mb4_unicode_ci DEFAULT NULL,
  `created_at` timestamp NULL DEFAULT NULL,
  `updated_at` timestamp NULL DEFAULT NULL,
  PRIMARY KEY (`id`),
  KEY `witness_details_user_id_foreign` (`user_id`),
  KEY `witness_details_incident_id_foreign` (`incident_id`),
  CONSTRAINT `witness_details_incident_id_foreign` FOREIGN KEY (`incident_id`) REFERENCES `incidents` (`reportNo`),
  CONSTRAINT `witness_details_user_id_foreign` FOREIGN KEY (`user_id`) REFERENCES `users` (`id`)
) ENGINE=InnoDB AUTO_INCREMENT=150 DEFAULT CHARSET=utf8mb4 COLLATE=utf8mb4_unicode_ci;

-- Dumping data for table isms3.witness_details: ~9 rows (approximately)
INSERT INTO `witness_details` (`id`, `user_id`, `incident_id`, `witness_name`, `witness_company`, `remarks`, `created_at`, `updated_at`) VALUES
	(138, 5, '744815', 'Jonas Reynolds', 'Flowers Howe Associates', 'Sit non voluptas in', '2024-05-11 13:18:55', '2024-05-11 13:18:55'),
	(140, 5, '910473', 'Melvin Gallagher', 'Lane Frederick Plc', 'Omnis corrupti quis', '2024-05-11 13:47:50', '2024-05-11 13:47:50'),
	(141, 5, '161057', 'Aza', 'UTHM', 'Teruk dia kena hempap', '2024-05-11 13:48:17', '2024-05-11 13:48:17'),
	(142, 5, '161057', 'Anas', 'UTHM', 'Terkejut saya tengok bero', '2024-05-11 13:48:17', '2024-05-11 13:48:17'),
	(143, 5, '633729', 'Anas', 'UTHM', 'Victim died immediately', '2024-05-11 13:48:59', '2024-05-11 13:48:59'),
	(144, 5, '166886', 'Joan Morgan', 'Allen Mcdaniel Traders', 'Qui sed beatae ipsum', '2024-05-11 15:22:28', '2024-05-11 15:22:28'),
	(145, 5, '361568', 'Frances Mcguire', 'Valenzuela and Berger Co', 'Magnam labore perspi', '2024-05-11 15:53:18', '2024-05-11 15:53:18'),
	(146, 5, '902769', 'Anas', 'Disclosed', 'He just walked and died.', '2024-05-11 21:11:18', '2024-05-11 21:11:18'),
	(147, 5, '826013', 'Ahmad', 'TNB', 'Victim was unlucky.', '2024-05-11 21:25:40', '2024-05-11 21:25:40'),
	(149, 7, '687570', 'Marny Bradford', 'Holt and Estes Traders', 'Velit amet laborum', '2024-06-12 20:59:22', '2024-06-12 20:59:22');

/*!40103 SET TIME_ZONE=IFNULL(@OLD_TIME_ZONE, 'system') */;
/*!40101 SET SQL_MODE=IFNULL(@OLD_SQL_MODE, '') */;
/*!40014 SET FOREIGN_KEY_CHECKS=IFNULL(@OLD_FOREIGN_KEY_CHECKS, 1) */;
/*!40101 SET CHARACTER_SET_CLIENT=@OLD_CHARACTER_SET_CLIENT */;
/*!40111 SET SQL_NOTES=IFNULL(@OLD_SQL_NOTES, 1) */;
